date,oil_return_fwd1_date,oil_return_fwd1,target_class,pred_class,pred_prob_up
2022-12-30,2023-01-02,0.0,0,1,0.6052943388155454
2023-01-02,2023-01-03,-0.0443487955485757,0,0,0.33553973682009003
2023-01-03,2023-01-04,-0.051887968518943,0,0,0.23111081237760936
2023-01-04,2023-01-05,0.0109199144849119,1,0,0.20734130978126147
2023-01-05,2023-01-06,-0.0015250062632974,0,0,0.32724249748232453
2023-01-06,2023-01-09,0.0137457278255002,1,1,0.6010530959586704
2023-01-09,2023-01-10,0.0056496790912927,1,1,0.7483580474823062
2023-01-10,2023-01-11,0.0320848906839186,1,0,0.47059165210184983
2023-01-11,2023-01-12,0.0164509573058444,1,0,0.342437077028672
2023-01-12,2023-01-13,0.0148756398686034,1,1,0.8241210995421617
2023-01-13,2023-01-16,0.0,0,0,0.15116674526361776
2023-01-16,2023-01-17,0.0075046833819116,1,0,0.4008319855901375
2023-01-17,2023-01-18,-0.0109403495349639,0,0,0.29977209197649646
2023-01-18,2023-01-19,0.0138856231885462,1,0,0.29763239584485196
2023-01-19,2023-01-20,0.017061206230601,1,0,0.08771824914800257
2023-01-20,2023-01-23,0.0063905649382687,1,0,0.25854163686901627
2023-01-23,2023-01-24,-0.0233587156249026,0,0,0.3198692899054206
2023-01-24,2023-01-25,-0.000116039790487,0,1,0.5347987745530111
2023-01-25,2023-01-26,0.0156757829896223,1,0,0.39244114458288254
2023-01-26,2023-01-27,-0.0092602897826647,0,0,0.2230438826191953
2023-01-27,2023-01-30,-0.0203092783505154,0,0,0.1967471216996825
2023-01-30,2023-01-31,-0.0048292538838694,0,0,0.10535943203587057
2023-01-31,2023-02-01,-0.0195289568895402,0,0,0.3553290418851644
2023-02-01,2023-02-02,-0.0080878585051175,0,1,0.5428977511801899
2023-02-02,2023-02-03,-0.0271388070735268,0,0,0.30351185467931513
2023-02-03,2023-02-06,0.0131347934738041,1,0,0.3263801218067507
2023-02-06,2023-02-07,0.0333375064681233,1,0,0.2894537713391023
2023-02-07,2023-02-08,0.0167283290195212,1,1,0.5734645896461934
2023-02-08,2023-02-09,-0.0069337920235389,0,0,0.41870470906494045
2023-02-09,2023-02-10,0.0223668566822299,1,0,0.30657131373848406
2023-02-10,2023-02-13,0.0025466051887654,1,0,0.07838897221059386
2023-02-13,2023-02-14,-0.0118923770007891,0,0,0.18934060901455554
2023-02-14,2023-02-15,-0.0023370480644713,0,0,0.17207465723301277
2023-02-15,2023-02-16,-0.0028109378249004,0,0,0.11837016627038784
2023-02-16,2023-02-17,-0.0251350646580885,0,0,0.0959994203506086
2023-02-17,2023-02-20,0.0,0,0,0.3342754145012668
2023-02-20,2023-02-21,0.0006024464067206,1,0,0.10483672824277374
2023-02-21,2023-02-22,-0.0295003550585042,0,0,0.14302341841125998
2023-02-22,2023-02-23,0.0199751940549788,1,0,0.2708425041414491
2023-02-23,2023-02-24,0.0115558276148448,1,0,0.1686103179790521
2023-02-24,2023-02-27,-0.0085378388961121,0,0,0.1775473275233012
2023-02-27,2023-02-28,0.0174651606392441,1,0,0.28733792611336706
2023-02-28,2023-03-01,0.0050065344141263,1,0,0.10685828120161726
2023-03-01,2023-03-02,0.0052188643594783,1,0,0.23572130267282476
2023-03-02,2023-03-03,0.0127433844372235,1,1,0.5416820115429786
2023-03-03,2023-03-06,0.004077810400261,1,0,0.2915188388687696
2023-03-06,2023-03-07,-0.0335344555513406,0,0,0.05264278596081525
2023-03-07,2023-03-08,-0.0075639001860128,0,0,0.1361950514766652
2023-03-08,2023-03-09,-0.0129446803389052,0,0,0.33858667462060044
2023-03-09,2023-03-10,0.0145851513030845,1,0,0.18319596631128396
2023-03-10,2023-03-13,-0.0242812535137795,0,0,0.31827752508959223
2023-03-13,2023-03-14,-0.0411043683646014,0,1,0.6437472775020675
2023-03-14,2023-03-15,-0.0485473809553361,0,1,0.6815568986367716
2023-03-15,2023-03-16,0.0137059909536443,1,0,0.22855238664932537
2023-03-16,2023-03-17,-0.0231592476334067,0,1,0.7947278261607851
2023-03-17,2023-03-20,0.0112374904907026,1,1,0.5760209795547615
2023-03-20,2023-03-21,0.0207345000720133,1,1,0.815909244458793
2023-03-21,2023-03-22,0.0181890965498261,1,1,0.8347051976988852
2023-03-22,2023-03-23,-0.010170801336104,0,1,0.5309428521485814
2023-03-23,2023-03-24,-0.012119691133661,0,0,0.48284734547457303
2023-03-24,2023-03-27,0.0417389648216635,1,1,0.5737005214918014
2023-03-27,2023-03-28,0.0067844183392589,1,1,0.704155769248042
2023-03-28,2023-03-29,-0.0047044213528754,0,0,0.4330649438468304
2023-03-29,2023-03-30,0.0126468814410785,1,1,0.5545422000679187
2023-03-30,2023-03-31,0.0063075567197432,1,0,0.14315440856292233
2023-03-31,2023-04-03,0.064686020800502,1,0,0.10343218377569448
2023-04-03,2023-04-04,0.0001177691769047,1,0,0.4448646870412765
2023-04-04,2023-04-05,0.0005885969028287,1,0,0.28281263435737836
2023-04-05,2023-04-06,0.0015296492067322,1,0,0.2535483272438142
2023-04-06,2023-04-07,0.0,0,0,0.30730177117732366
2023-04-07,2023-04-10,-0.0110432614083062,0,0,0.3098294550208391
2023-04-10,2023-04-11,0.0169874114990691,1,0,0.3300113280632568
2023-04-11,2023-04-12,0.0200911249671822,1,0,0.2608075941455471
2023-04-12,2023-04-13,-0.0141990778331017,0,0,0.1925979684871063
2023-04-13,2023-04-14,0.0025554794989146,1,0,0.29885776763068095
2023-04-14,2023-04-17,-0.017958469078985,0,1,0.5320983446892019
2023-04-17,2023-04-18,0.0001179153679098,1,0,0.24515879595707823
2023-04-18,2023-04-19,-0.0194643619420189,0,1,0.5589577086476327
2023-04-19,2023-04-20,-0.0243022642650718,0,1,0.6887619380231044
2023-04-20,2023-04-21,0.0069051195872338,1,1,0.5675031243717343
2023-04-21,2023-04-24,0.0131031061332256,1,0,0.38713541099601473
2023-04-24,2023-04-25,-0.0236916068455945,0,0,0.16481236444461123
2023-04-25,2023-04-26,-0.038132899958769,0,0,0.24768694433174174
2023-04-26,2023-04-27,0.0087527388828265,1,0,0.41701877731265546
2023-04-27,2023-04-28,0.0149291581975392,1,1,0.5343904414794276
2023-04-28,2023-05-01,-0.0028916690254738,0,0,0.23523508421339911
2023-05-01,2023-05-02,-0.05030888900005,0,0,0.4141787449158716
2023-05-02,2023-05-03,-0.0396972633548085,0,0,0.34884682240054155
2023-05-03,2023-05-04,0.0023503133505013,1,1,0.5940469914020278
2023-05-04,2023-05-05,0.0386207317483835,1,1,0.5883517307843583
2023-05-05,2023-05-08,0.0227091502678595,1,1,0.5048185573309393
2023-05-08,2023-05-09,0.0055836942377318,1,0,0.28567627884506724
2023-05-09,2023-05-10,-0.0133006036521784,0,0,0.4585458373170147
2023-05-10,2023-05-11,-0.0187148309990842,0,1,0.6859864878820492
2023-05-11,2023-05-12,-0.0108029494761736,0,1,0.50522368138548
2023-05-12,2023-05-15,0.0142915628172699,1,0,0.3240505330199723
2023-05-15,2023-05-16,-0.0042536179787997,0,0,0.2374760109804647
2023-05-16,2023-05-17,0.0273661102942943,1,0,0.3318847495152664
2023-05-17,2023-05-18,-0.0142931196362634,0,0,0.369119019116053
2023-05-18,2023-05-19,-0.0036909936335891,0,0,0.4743845941085684
2023-05-19,2023-05-22,0.0054246629105847,1,0,0.3188107903491143
2023-05-22,2023-05-23,0.0111856625610771,1,0,0.21337040861445408
2023-05-23,2023-05-24,0.0197814204177857,1,0,0.2668855282613575
2023-05-24,2023-05-25,-0.0267993677611544,0,0,0.3194402293788732
2023-05-25,2023-05-26,0.0090479254220201,1,0,0.4672359123447475
2023-05-26,2023-05-29,0.0,0,0,0.13207102868004933
2023-05-29,2023-05-30,-0.0443144401293279,0,0,0.1286580408145608
2023-05-30,2023-05-31,-0.0119662393590229,0,0,0.28861364493054786
2023-05-31,2023-06-01,0.0222955551271502,1,0,0.22285876067856902
2023-06-01,2023-06-02,0.0249057418487292,1,0,0.2956000547144241
2023-06-02,2023-06-05,0.0076185715484002,1,0,0.16384901429880397
2023-06-05,2023-06-06,-0.0054751424059178,0,0,0.2211859518026749
2023-06-06,2023-06-07,0.0086511472643135,1,0,0.2760408830123063
2023-06-07,2023-06-08,-0.012865469824975,0,0,0.1995583780537861
2023-06-08,2023-06-09,-0.0154028196820301,0,0,0.31316369245820974
2023-06-09,2023-06-12,-0.0394438366295601,0,0,0.3688423294716293
2023-06-12,2023-06-13,0.0341036289327385,1,0,0.3004080570957428
2023-06-13,2023-06-14,-0.0146722836701074,0,1,0.6296892282370712
2023-06-14,2023-06-15,0.0337431874819558,1,1,0.602854010908605
2023-06-15,2023-06-16,0.0124223928129025,1,0,0.23806732211878434
2023-06-16,2023-06-19,0.0,0,0,0.2481175008015989
2023-06-19,2023-06-20,-0.0092677075945188,0,0,0.252126356767094
2023-06-20,2023-06-21,0.0160737970510731,1,0,0.16056228893228533
2023-06-21,2023-06-22,-0.0386411209906973,0,0,0.22156812751104366
2023-06-22,2023-06-23,-0.0039115311291442,0,0,0.22331741373224354
2023-06-23,2023-06-26,0.0044685421512951,1,0,0.17564350111551816
2023-06-26,2023-06-27,-0.0258829625376982,0,0,0.17911402727901934
2023-06-27,2023-06-28,0.024494832420977,1,0,0.17525172817188808
2023-06-28,2023-06-29,0.0041874586479182,1,0,0.2206058706677383
2023-06-29,2023-06-30,0.0075330268438935,1,0,0.1205631133407431
2023-06-30,2023-07-03,-0.0033377836436174,0,0,0.07466834898521142
2023-07-03,2023-07-04,0.0,0,0,0.1740829436112708
2023-07-04,2023-07-05,0.0267916940270478,1,0,0.11745780813668401
2023-07-05,2023-07-06,-0.001696084543046,0,0,0.06448200349466576
2023-07-06,2023-07-07,0.0254835946573896,1,0,0.15753875224757907
2023-07-07,2023-07-10,-0.0099400887876001,0,0,0.04724462557662716
2023-07-10,2023-07-11,0.0220105422929075,1,0,0.1548918474700523
2023-07-11,2023-07-12,0.0089420537887678,1,0,0.15410306200528248
2023-07-12,2023-07-13,0.0156035450065703,1,0,0.12187940845275994
2023-07-13,2023-07-14,-0.0183136412560444,0,0,0.21707552724900064
2023-07-14,2023-07-17,-0.0171529072176056,0,0,0.24746092548829232
2023-07-17,2023-07-18,0.0143948694702926,1,0,0.20525361459963004
2023-07-18,2023-07-19,-0.0021348508703862,0,0,0.11117792654740836
2023-07-19,2023-07-20,0.00226529457903,1,0,0.22744636821387726
2023-07-20,2023-07-21,0.0179558050745245,1,0,0.1928898522728642
2023-07-21,2023-07-24,0.020599459420646,1,0,0.1149807054048744
2023-07-24,2023-07-25,0.0108774661483646,1,0,0.08930945493325
2023-07-25,2023-07-26,-0.0086083360348785,0,0,0.06767824773042973
2023-07-26,2023-07-27,0.0159189547029992,1,0,0.2498139813086846
2023-07-27,2023-07-28,0.0089031341289071,1,0,0.2090784320595772
2023-07-28,2023-07-31,0.0067066679509495,1,0,0.09941461859484893
2023-07-31,2023-08-01,-0.0075969368283261,0,0,0.10929516687260528
2023-08-01,2023-08-02,-0.0201390488766433,0,0,0.20347618921483634
2023-08-02,2023-08-03,0.0233173378914077,1,0,0.23252106110981627
2023-08-03,2023-08-04,0.0129198788114488,1,0,0.04418737068421938
2023-08-04,2023-08-07,-0.0104360105307587,0,0,0.05186889529214542
2023-08-07,2023-08-08,0.0097258245450166,1,0,0.35491491643566964
2023-08-08,2023-08-09,0.0160149113628487,1,0,0.09523094188914234
2023-08-09,2023-08-10,-0.013135368198663,0,0,0.03363411524394058
2023-08-10,2023-08-11,0.0047453243689126,1,0,0.1651071740683883
2023-08-11,2023-08-14,-0.006911628740873,0,0,0.1797581928562583
2023-08-14,2023-08-15,-0.0153114454105355,0,0,0.19616793502917623
2023-08-15,2023-08-16,-0.0169631576364676,0,0,0.45945934063897276
2023-08-16,2023-08-17,0.0080288295127848,1,0,0.31902866628600374
2023-08-17,2023-08-18,0.0080836933306378,1,0,0.4641708026907908
2023-08-18,2023-08-21,-0.0040094806019952,0,0,0.47421181553873604
2023-08-21,2023-08-22,-0.0050911710849738,0,0,0.37130947133722086
2023-08-22,2023-08-23,-0.0097584161220557,0,0,0.2263906296835391
2023-08-23,2023-08-24,0.0018026863060847,1,0,0.2096890582005102
2023-08-24,2023-08-25,0.0134357334258818,1,0,0.20136153101360085
2023-08-25,2023-08-28,-0.000710288655349,0,0,0.3879884197382535
2023-08-28,2023-08-29,0.0126747182898876,1,0,0.2717476181914169
2023-08-29,2023-08-30,0.0043280238136353,1,0,0.19310598487953423
2023-08-30,2023-08-31,0.0116468669099849,1,1,0.5812170015932988
2023-08-31,2023-09-01,0.0194566247931253,1,0,0.12025890582598098
2023-09-01,2023-09-04,0.0,0,0,0.11192422795918591
2023-09-04,2023-09-05,0.0168266269047854,1,1,0.5644823631519108
2023-09-05,2023-09-06,0.0062194308407339,1,0,0.3370163444434006
2023-09-06,2023-09-07,-0.0075055222585904,0,0,0.03997932055779959
2023-09-07,2023-09-08,0.0081183648998972,1,0,0.42482272621813577
2023-09-08,2023-09-11,-0.0001103379598688,0,0,0.11276615016982694
2023-09-11,2023-09-12,0.0156663523665854,1,0,0.212922394630486
2023-09-12,2023-09-13,-0.0019552499451376,0,0,0.02823126835095715
2023-09-13,2023-09-14,0.0198084430695446,1,0,0.11732030694710034
2023-09-14,2023-09-15,0.0024546783823335,1,0,0.05711303745071544
2023-09-15,2023-09-18,0.0053231129391622,1,0,0.09920721278043496
2023-09-18,2023-09-19,-0.0009531289526027,0,0,0.028360695601171264
2023-09-19,2023-09-20,-0.0085859401106254,0,0,0.0565183883831476
2023-09-20,2023-09-21,-0.002459058382774,0,0,0.07168146737728767
2023-09-21,2023-09-22,-0.0003216120869229,0,0,0.18520697571941377
2023-09-22,2023-09-25,0.0002144770363559,1,0,0.4009556880059301
2023-09-25,2023-09-26,0.0071818861868377,1,0,0.2742683865095468
2023-09-26,2023-09-27,0.0275649637347981,1,0,0.1384277280924186
2023-09-27,2023-09-28,-0.0121181332093033,0,0,0.20354612941377587
2023-09-28,2023-09-29,-0.0007339033009007,0,0,0.27304507875685347
2023-09-29,2023-10-02,-0.0482635462380865,0,1,0.563466375433667
2023-10-02,2023-10-03,0.0023150599337689,1,1,0.5764900016046836
2023-10-03,2023-10-04,-0.0562032634542765,0,0,0.39291294343248423
2023-10-04,2023-10-05,-0.0202773326334312,0,1,0.6792459037239736
2023-10-05,2023-10-06,0.0060663986925393,1,1,0.8488022001910747
2023-10-06,2023-10-09,0.0422085554213531,1,1,0.8158232282360585
2023-10-09,2023-10-10,-0.0056721496465681,0,1,0.6134852589134804
2023-10-10,2023-10-11,-0.0208785145373258,0,0,0.4649796643337945
2023-10-11,2023-10-12,0.0020974167538552,1,1,0.5496034213023351
2023-10-12,2023-10-13,0.0568604580191678,1,1,0.6409962428207922
2023-10-13,2023-10-16,-0.0136428415897948,0,1,0.5383262400175343
2023-10-16,2023-10-17,0.0027886223730608,1,1,0.8174523692166789
2023-10-17,2023-10-18,0.0177975355613371,1,1,0.5652414088919627
2023-10-18,2023-10-19,0.0096174563215076,1,1,0.6181691051351944
2023-10-19,2023-10-20,-0.0023813985478381,0,0,0.1618278726370463
2023-10-20,2023-10-23,-0.0252821369191486,0,0,0.16997630864380373
2023-10-23,2023-10-24,-0.0195925871129396,0,0,0.3522857464243293
2023-10-24,2023-10-25,0.0233904572014527,1,0,0.43595970381725896
2023-10-25,2023-10-26,-0.0244091536146001,0,0,0.46898481562674393
2023-10-26,2023-10-27,0.0290003757865073,1,0,0.18915421915469188
2023-10-27,2023-10-30,-0.0334881332479439,0,0,0.16012200196914705
2023-10-30,2023-10-31,-0.0004573274731671,0,0,0.4760830916493463
2023-10-31,2023-11-01,-0.0318042133877233,0,1,0.6502388791762824
2023-11-01,2023-11-02,0.0262318479587739,1,0,0.4411249609550073
2023-11-02,2023-11-03,-0.0225676352205888,0,0,0.4813904970110652
2023-11-03,2023-11-06,0.0034161964614491,1,1,0.5216226159782507
2023-11-06,2023-11-07,-0.0419112430386701,0,1,0.5852456468770482
2023-11-07,2023-11-08,-0.0253645347303386,0,0,0.3698240099543439
2023-11-08,2023-11-09,0.0059089918945598,1,1,0.5753624644480093
2023-11-09,2023-11-10,0.0177477581681291,1,1,0.843866162709351
2023-11-10,2023-11-13,0.0133856850522613,1,1,0.7895956548759325
2023-11-13,2023-11-14,-0.0006058582694753,0,1,0.6323912542589469
2023-11-14,2023-11-15,-0.0156420625249549,0,0,0.4692189144538416
2023-11-15,2023-11-16,-0.0463168529452535,0,0,0.3250113762959384
2023-11-16,2023-11-17,0.0412038558105498,1,0,0.4455922029578751
2023-11-17,2023-11-20,0.0212132374584435,1,1,0.7884188884444455
2023-11-20,2023-11-21,0.0015791697509706,1,0,0.3688558588068951
2023-11-21,2023-11-22,-0.0059429700655674,0,0,0.3351878953421845
2023-11-22,2023-11-23,-0.0071985888784911,0,0,0.40934962104051376
2023-11-23,2023-11-24,-0.0097087487877777,0,0,0.1975220188781355
2023-11-24,2023-11-27,-0.0074459972758385,0,1,0.5156990742844874
2023-11-27,2023-11-28,0.0212552747798153,1,0,0.33519595370867183
2023-11-28,2023-11-29,0.017384894265914,1,1,0.6483864406881517
2023-11-29,2023-11-30,-0.0032490571362704,0,0,0.23621075677308773
2023-11-30,2023-12-01,-0.047688089947087,0,0,0.4242324538068139
2023-12-01,2023-12-04,-0.0107758430998711,0,0,0.26066287730715804
2023-12-04,2023-12-05,-0.0106369581448065,0,0,0.3073606448970287
2023-12-05,2023-12-06,-0.0375646892632475,0,0,0.29826785037125225
2023-12-06,2023-12-07,-0.0033647374122696,0,0,0.33552377872791317
2023-12-07,2023-12-08,0.0241727645153733,1,0,0.2936389541388184
2023-12-08,2023-12-11,0.002505306574116,1,0,0.2608511971273904
2023-12-11,2023-12-12,-0.0366960536672672,0,0,0.3271621703985525
2023-12-12,2023-12-13,0.0139268746888578,1,1,0.5784569260750617
2023-12-13,2023-12-14,0.0316455481621182,1,1,0.5535764294109714
2023-12-14,2023-12-15,-0.0007831556992005,0,0,0.42676220035065104
2023-12-15,2023-12-18,0.0182886197344471,1,1,0.5973412710748767
2023-12-18,2023-12-19,0.0164208654112112,1,1,0.5313369435343195
2023-12-19,2023-12-20,0.0059320152896025,1,1,0.5050571953911467
2023-12-20,2023-12-21,-0.0038895554637858,0,0,0.1304145027124487
2023-12-21,2023-12-22,-0.0040307305363948,0,0,0.29835257520878944
2023-12-22,2023-12-25,0.0,0,0,0.438262971971972
2023-12-25,2023-12-26,0.025294043350438,1,0,0.16922004527847487
2023-12-26,2023-12-27,-0.0175157046292177,0,0,0.12681215503944607
2023-12-27,2023-12-28,-0.0158192355567134,0,0,0.2340592499895062
2023-12-28,2023-12-29,-0.0172215650546281,0,0,0.10001860118249843
2023-12-29,2024-01-01,0.0,0,0,0.16311735718551695
2024-01-01,2024-01-02,-0.0149273301169849,0,0,0.41405005527514055
2024-01-02,2024-01-03,0.0310976496156549,1,0,0.23885575599136116
2024-01-03,2024-01-04,-0.0084345515924521,0,0,0.49048303226973594
2024-01-04,2024-01-05,0.0150793382338192,1,0,0.4328789204214333
2024-01-05,2024-01-08,-0.0335195444139533,0,1,0.6383111126746949
2024-01-08,2024-01-09,0.019311528353493,1,0,0.3444516748618245
2024-01-09,2024-01-10,-0.0101816383995242,0,1,0.6745687948683191
2024-01-10,2024-01-11,0.007942715965004,1,1,0.5443835008749945
2024-01-11,2024-01-12,0.0113680042861012,1,0,0.3868870151069138
2024-01-12,2024-01-15,0.0,0,0,0.4153694988945671
2024-01-15,2024-01-16,0.0,0,0,0.2414826547305909
2024-01-16,2024-01-17,-0.0052369862985665,0,0,0.2825727040017255
2024-01-17,2024-01-18,0.0156651420612317,1,0,0.09293930511172302
2024-01-18,2024-01-19,-0.0068268132230623,0,1,0.7269131983813457
2024-01-19,2024-01-22,0.0190936869477527,1,0,0.16516661086981033
2024-01-22,2024-01-23,-0.006370153914415,0,0,0.36983445012693283
2024-01-23,2024-01-24,0.0061596209298788,1,0,0.19700687156808394
2024-01-24,2024-01-25,0.0298600619978852,1,0,0.16568498896301714
2024-01-25,2024-01-26,0.0135873194520867,1,0,0.0893845833888096
2024-01-26,2024-01-29,-0.0137642308063891,0,0,0.28538303482583866
2024-01-29,2024-01-30,0.0057038982038795,1,0,0.2800488426368676
2024-01-30,2024-01-31,-0.0139978716503327,0,0,0.2688262325345164
2024-01-31,2024-02-01,-0.0368376229342347,0,0,0.14899090990800645
2024-02-01,2024-02-02,-0.0174078166494529,0,0,0.3003185329235566
2024-02-02,2024-02-05,0.0085347991347104,1,0,0.47735783747113525
2024-02-05,2024-02-06,0.0076932746577216,1,0,0.44060951649009567
2024-02-06,2024-02-07,0.007889079723536,1,0,0.48792522621505335
2024-02-07,2024-02-08,0.0305516752545915,1,1,0.5573032319335004
2024-02-08,2024-02-09,0.0068602867429943,1,0,0.3605493238806825
2024-02-09,2024-02-12,-0.0023117463896135,0,0,0.21821488538747993
2024-02-12,2024-02-13,0.0093902029642245,1,0,0.47823551007524506
2024-02-13,2024-02-14,-0.0141355348120981,0,0,0.35917701603050006
2024-02-14,2024-02-15,0.0154412029386259,1,1,0.6974686822444645
2024-02-15,2024-02-16,0.007361822421654,1,0,0.34484424083059295
2024-02-16,2024-02-19,0.0,0,0,0.18786016032452438
2024-02-19,2024-02-20,-0.0135378563110913,0,0,0.18982054209848345
2024-02-20,2024-02-21,0.0083799182911636,1,0,0.2261004146467644
2024-02-21,2024-02-22,0.0077080500910233,1,0,0.12486917580147897
2024-02-22,2024-02-23,-0.0245009617213562,0,0,0.20468211342438952
2024-02-23,2024-02-26,0.0111491791484037,1,0,0.2598500785523816
2024-02-26,2024-02-27,0.0135708562116565,1,0,0.24446169954222452
2024-02-27,2024-02-28,0.0003586225791949,1,0,0.24774853356415433
2024-02-28,2024-02-29,-0.0007169880302932,0,0,0.31854482339260226
2024-02-29,2024-03-01,-0.000837116629096,0,0,0.45021674063740963
2024-03-01,2024-03-04,-0.0089766603543436,0,0,0.3120101841567091
2024-03-04,2024-03-05,-0.0091787694229358,0,0,0.4464669373482746
2024-03-05,2024-03-06,0.0112140194865744,1,0,0.45949262852250283
2024-03-06,2024-03-07,0.0,0,0,0.16223600017628675
2024-03-07,2024-03-08,-0.0106074887069601,0,0,0.3059393387341018
2024-03-08,2024-03-11,0.0015837871651798,1,0,0.40122496372449457
2024-03-11,2024-03-12,-0.0035275625685065,0,0,0.4425311105695552
2024-03-12,2024-03-13,0.0257568439637909,1,1,0.7126138908459582
2024-03-13,2024-03-14,0.0165417042703908,1,0,0.22329281307782425
2024-03-14,2024-03-15,-0.0009365702735846,0,0,0.32603625637876044
2024-03-15,2024-03-18,0.0181626800828631,1,0,0.4164425986897513
2024-03-18,2024-03-19,0.0056392895294219,1,0,0.3130766381643928
2024-03-19,2024-03-20,-0.0163653049911242,0,0,0.18690332448521133
2024-03-20,2024-03-21,-0.0019778728909982,0,0,0.1437272258897527
2024-03-21,2024-03-22,-0.0040801874458124,0,0,0.39525484713818276
2024-03-22,2024-03-25,0.0154512430072442,1,0,0.21929649490616004
2024-03-25,2024-03-26,-0.0057636887608069,0,0,0.15345551088804724
2024-03-26,2024-03-27,-0.0018551149230072,0,0,0.1075835931241735
2024-03-27,2024-03-28,0.0161459760503113,1,0,0.16795280239182533
2024-03-28,2024-03-29,0.0,0,0,0.1144735787507781
2024-03-29,2024-04-01,-0.0006859303347697,0,0,0.1989112998331782
2024-04-01,2024-04-02,0.017158545314782,1,0,0.19575035321545092
2024-04-02,2024-04-03,0.0048358109989925,1,0,0.4349153575157193
2024-04-03,2024-04-04,0.01454955874604,1,0,0.3223962675405125
2024-04-04,2024-04-05,0.0057363114651241,1,0,0.3047237323922033
2024-04-05,2024-04-08,-0.008665141289829,0,0,0.1028992129679174
2024-04-08,2024-04-09,-0.0106218091795343,0,0,0.340720588569312
2024-04-09,2024-04-10,0.0118542295872738,1,0,0.23046570724573126
2024-04-10,2024-04-11,-0.0081786634141117,0,0,0.08399766135003288
2024-04-11,2024-04-12,0.0079117350275681,1,0,0.37850783039467
2024-04-12,2024-04-15,-0.00386952444367,0,0,0.24971271820397464
2024-04-15,2024-04-16,-0.0008879226682525,0,0,0.08921693115416247
2024-04-16,2024-04-17,-0.0303265477598674,0,0,0.17858613216107963
2024-04-17,2024-04-18,-0.0020620953521351,0,0,0.2392079887597396
2024-04-18,2024-04-19,0.0020663563760139,1,1,0.6386468858989348
2024-04-19,2024-04-22,-0.0033222695897091,0,0,0.2612080450943829
2024-04-22,2024-04-23,0.0163218180338542,1,1,0.5167663916356483
2024-04-23,2024-04-24,-0.0045238807301785,0,0,0.22075887904073857
2024-04-24,2024-04-25,0.0112475065998771,1,1,0.6759794581508339
2024-04-25,2024-04-26,0.0055049753062537,1,0,0.23367208102193338
2024-04-26,2024-04-29,-0.0122904857443697,0,0,0.3789446501229479
2024-04-29,2024-04-30,-0.0061086075362709,0,1,0.5258635128367896
2024-04-30,2024-05-01,-0.0503072858893715,0,0,0.47530783956741635
2024-05-01,2024-05-02,0.0027564204315617,1,1,0.5021289171701013
2024-05-02,2024-05-03,-0.0084857069440713,0,1,0.7246655013308541
2024-05-03,2024-05-06,0.0044600138701216,1,0,0.469011286273889
2024-05-06,2024-05-07,-0.0020400595849016,0,1,0.5188267143131887
2024-05-07,2024-05-08,0.0050504828096427,1,1,0.6395363729468839
2024-05-08,2024-05-09,0.0035893206005148,1,0,0.3905945295197288
2024-05-09,2024-05-10,-0.0129947111776546,0,1,0.5040568731960915
2024-05-10,2024-05-13,0.0068848857171266,1,0,0.2240584039109412
2024-05-13,2024-05-14,-0.0117562781880773,0,0,0.2574440662381281
2024-05-14,2024-05-15,0.0044914148933972,1,0,0.38491353965617064
2024-05-15,2024-05-16,0.0062839473482345,1,0,0.43972226588142344
2024-05-16,2024-05-17,0.0085265610963165,1,1,0.6841590793562863
2024-05-17,2024-05-20,-0.0032151019488931,0,1,0.5157344979633975
2024-05-20,2024-05-21,-0.0099152053533906,0,0,0.4167680296999629
2024-05-21,2024-05-22,-0.0118242731662089,0,0,0.36304948237435003
2024-05-22,2024-05-23,-0.0065934176491646,0,0,0.3868140832792724
2024-05-23,2024-05-24,0.0093412257931297,1,0,0.3144408106624575
2024-05-24,2024-05-27,0.0,0,1,0.6138321973241503
2024-05-27,2024-05-28,0.0255723137345913,1,0,0.3243674056956953
2024-05-28,2024-05-29,-0.0073617043172117,0,0,0.248093703881582
2024-05-29,2024-05-30,-0.0208133719560791,0,0,0.4388032176721069
2024-05-30,2024-05-31,-0.0029318087219655,0,0,0.37608449709954966
2024-05-31,2024-06-03,-0.0399412157134114,0,1,0.8971616527202076
2024-06-03,2024-06-04,-0.0107198055224898,0,0,0.42037960088032256
2024-06-04,2024-06-05,0.011480999194839,1,0,0.3022966480235897
2024-06-05,2024-06-06,0.0186200614243585,1,1,0.5471151560993857
2024-06-06,2024-06-07,-0.0031300862827464,0,0,0.40707772150842536
2024-06-07,2024-06-10,0.0252448434752436,1,0,0.4730013774039341
2024-06-10,2024-06-11,0.0035526267951111,1,0,0.26372074178359134
2024-06-11,2024-06-12,0.0083007851608272,1,0,0.2510299640403745
2024-06-12,2024-06-13,0.0018159991361974,1,1,0.6305141097131032
2024-06-13,2024-06-14,-0.0015709637875283,0,0,0.3248190140076288
2024-06-14,2024-06-17,0.0197288453065973,1,0,0.3745105358681751
2024-06-17,2024-06-18,0.0128190128315095,1,0,0.3604948349979203
2024-06-18,2024-06-19,0.0,0,0,0.32549226097123657
2024-06-19,2024-06-20,0.0044532666736645,1,0,0.11826725026510745
2024-06-20,2024-06-21,-0.0054836218145318,0,0,0.1211393942856548
2024-06-21,2024-06-24,0.0090333680403367,1,0,0.2556083694370666
2024-06-24,2024-06-25,-0.0116265547629693,0,0,0.12343455684458622
2024-06-25,2024-06-26,0.0028231720707985,1,0,0.28377291125927817
2024-06-26,2024-06-27,0.0133724268580461,1,0,0.18436512718790055
2024-06-27,2024-06-28,0.0002315577335603,1,0,0.1567160255023392
2024-06-28,2024-07-01,0.0021987594486705,1,0,0.11899729347886942
2024-07-01,2024-07-02,-0.0041570510010937,0,0,0.2289250624887068
2024-07-02,2024-07-03,0.0127550846633683,1,0,0.19979491385929732
2024-07-03,2024-07-04,0.0,0,0,0.18343166559561852
2024-07-04,2024-07-05,-0.0091595541093035,0,0,0.13870518248915722
2024-07-05,2024-07-08,-0.0091287370830799,0,0,0.18153335512125462
2024-07-08,2024-07-09,-0.0127113275555758,0,0,0.302846289452046
2024-07-09,2024-07-10,0.0049609987098699,1,0,0.23736304331972127
2024-07-10,2024-07-11,0.0037611622935744,1,0,0.31038523703027143
2024-07-11,2024-07-12,-0.0043325847771783,0,0,0.2308365093779395
2024-07-12,2024-07-15,-0.0021169035371032,0,0,0.3209199872298401
2024-07-15,2024-07-16,-0.0131997069808916,0,0,0.26836260995611533
2024-07-16,2024-07-17,0.016123234444004,1,0,0.24160396691267663
2024-07-17,2024-07-18,0.0003525949535878,1,0,0.2710668252345941
2024-07-18,2024-07-19,-0.0291388008359614,0,0,0.22518633010033953
2024-07-19,2024-07-22,-0.002783441064795,0,0,0.25694208326295176
2024-07-22,2024-07-23,-0.0168689243192778,0,1,0.5073569971792997
2024-07-23,2024-07-24,0.00864087063058,1,0,0.4423006487861219
2024-07-24,2024-07-25,0.0080773916228669,1,0,0.25228483144576436
2024-07-25,2024-07-26,-0.0150540907104136,0,0,0.3116312510141393
2024-07-26,2024-07-29,-0.0166399423126347,0,0,0.34083715869005704
2024-07-29,2024-07-30,-0.0144146596073567,0,0,0.3811738065231115
2024-07-30,2024-07-31,0.0265802370633341,1,0,0.2622782495799155
2024-07-31,2024-08-01,-0.0148662606477877,0,0,0.2809534247527215
2024-08-01,2024-08-02,-0.0340794667866595,0,0,0.13108114425255799
2024-08-02,2024-08-05,-0.0066396891426392,0,0,0.4522489756295096
2024-08-05,2024-08-06,0.0023591126864526,1,0,0.32597051740454225
2024-08-06,2024-08-07,0.0241893095308471,1,1,0.6558465505889514
2024-08-07,2024-08-08,0.0105962187112527,1,0,0.40594498532767553
2024-08-08,2024-08-09,0.0063163210822252,1,0,0.44289181113939213
2024-08-09,2024-08-12,0.0331408394210777,1,0,0.4124370920014945
2024-08-12,2024-08-13,-0.019562582632458,0,0,0.41459123022741007
2024-08-13,2024-08-14,-0.0115255952043267,0,0,0.1347692358274486
2024-08-14,2024-08-15,0.0160481286987759,1,0,0.2954504222671212
2024-08-15,2024-08-16,-0.0167818434722029,0,0,0.49233208768806497
2024-08-16,2024-08-19,-0.0253513633952031,0,0,0.16997550088007116
2024-08-19,2024-08-20,-0.0059233413877834,0,0,0.13879925761144102
2024-08-20,2024-08-21,-0.0148962945847701,0,0,0.48353205316394604
2024-08-21,2024-08-22,0.0153845906902729,1,0,0.3975058199948636
2024-08-22,2024-08-23,0.0233099636610818,1,0,0.40101300278514324
2024-08-23,2024-08-26,0.0304986555870834,1,1,0.7032124501271834
2024-08-26,2024-08-27,-0.0230872804417572,0,0,0.4326542230518971
2024-08-27,2024-08-28,-0.0113136579679743,0,1,0.5587996738595203
2024-08-28,2024-08-29,0.0164017913604601,1,0,0.3689838160776622
2024-08-29,2024-08-30,-0.014260687450992,0,1,0.7617865481303838
2024-08-30,2024-09-02,0.0,0,0,0.2742114878911001
2024-09-02,2024-09-03,-0.0640863306622062,0,0,0.30909646449584804
2024-09-03,2024-09-04,-0.0142373295153601,0,0,0.10773099411245829
2024-09-04,2024-09-05,-0.0001374760282735,0,0,0.2944551642107014
2024-09-05,2024-09-06,-0.022424058716003,0,0,0.39518138566979855
2024-09-06,2024-09-09,0.0109766226582503,1,0,0.36480969860609136
2024-09-09,2024-09-10,-0.0368874447601647,0,1,0.5003788419650824
2024-09-10,2024-09-11,0.0205231698054619,1,1,0.7126119529787595
2024-09-11,2024-09-12,0.0192607364197101,1,0,0.4979238900030704
2024-09-12,2024-09-13,-0.0050020925975474,0,1,0.5648575311890195
2024-09-13,2024-09-16,0.0159195556477016,1,1,0.5637989590230211
2024-09-16,2024-09-17,0.0130583772954253,1,0,0.4126566399054667
2024-09-17,2024-09-18,-0.0006783639678898,0,0,0.40009327179310616
2024-09-18,2024-09-19,0.0167005526416299,1,1,0.637015533994323
2024-09-19,2024-09-20,-0.005208325373311,0,1,0.5502247105854698
2024-09-20,2024-09-23,-0.0079204773098481,0,0,0.2190674224121239
2024-09-23,2024-09-24,0.0171853398760981,1,0,0.3495031816368081
2024-09-24,2024-09-25,-0.0227484252511143,0,0,0.49077641389259596
2024-09-25,2024-09-26,-0.0253199106116611,0,0,0.3896615402656834
2024-09-26,2024-09-27,0.0053073308786431,1,0,0.34720894146628095
2024-09-27,2024-09-30,-0.0029175702149638,0,1,0.7497014941505221
2024-09-30,2024-10-01,0.0249407969799628,1,1,0.6253100059534246
2024-10-01,2024-10-02,0.0046221313019256,1,0,0.42464039880505633
2024-10-02,2024-10-03,0.0503383104721646,1,1,0.87390520848367
2024-10-03,2024-10-04,0.005539813063131,1,1,0.6007167567716709
2024-10-04,2024-10-07,0.0368993868137088,1,0,0.3490093955669881
2024-10-07,2024-10-08,-0.0463363398722262,0,0,0.4264592424235522
2024-10-08,2024-10-09,-0.0077740149228899,0,0,0.16041477677289576
2024-10-09,2024-10-10,0.0368242312274358,1,0,0.3174012868561875
2024-10-10,2024-10-11,-0.0045340126376978,0,0,0.2752951600065429
2024-10-11,2024-10-14,-0.019989901477143,0,0,0.4694723648633761
2024-10-14,2024-10-15,-0.0414407322800514,0,0,0.23926199744253598
2024-10-15,2024-10-16,-0.0004040239635942,0,0,0.3596757426362554
2024-10-16,2024-10-17,0.0030988375607154,1,1,0.6149841960160212
2024-10-17,2024-10-18,-0.0186702410560845,0,0,0.3775291307011425
2024-10-18,2024-10-21,0.0168355241997801,1,0,0.40813903942642693
2024-10-21,2024-10-22,0.0235563329981629,1,1,0.6914062687178644
2024-10-22,2024-10-23,-0.0142030749349209,0,0,0.4930820086017569
2024-10-23,2024-10-24,-0.0077374845002476,0,1,0.5894926773280791
2024-10-24,2024-10-25,0.0224523509008747,1,0,0.4862331908667337
2024-10-25,2024-10-28,-0.0608810611047764,0,0,0.25119121742087036
2024-10-28,2024-10-29,-0.004200440073572,0,1,0.5682656330460246
2024-10-29,2024-10-30,0.0201068651567861,1,1,0.6499611332133124
2024-10-30,2024-10-31,0.0084080025457253,1,0,0.34969755727427565
2024-10-31,2024-11-01,-0.0008201911561598,0,0,0.3345323868048478
2024-11-01,2024-11-04,0.0270862297984118,1,1,0.7071937789734667
2024-11-04,2024-11-05,0.0059935660264736,1,0,0.30239938188848065
2024-11-05,2024-11-06,-0.0080762692997522,0,0,0.26968735940621125
2024-11-06,2024-11-07,0.009476763238456,1,1,0.7972974127359697
2024-11-07,2024-11-08,-0.0232711168947767,0,0,0.2785626845066066
2024-11-08,2024-11-11,-0.0276160936737169,0,0,0.39322955729012926
2024-11-11,2024-11-12,0.000835271572662,1,1,0.5490288103463449
2024-11-12,2024-11-13,0.0054249463480255,1,0,0.2555862372876107
2024-11-13,2024-11-14,0.0038738071945993,1,1,0.5669819289936285
2024-11-14,2024-11-15,-0.0209481352564679,0,1,0.5087986955971097
2024-11-15,2024-11-18,0.0318130927238839,1,0,0.24048417373753248
2024-11-18,2024-11-19,0.0001363507014984,1,1,0.7179407349504477
2024-11-19,2024-11-20,-0.0068203521572943,0,0,0.33273811263218966
2024-11-20,2024-11-21,0.0195028958378564,1,0,0.2629579576958289
2024-11-21,2024-11-22,0.0126632731981941,1,0,0.39955099245454334
2024-11-22,2024-11-25,-0.028734815555805,0,0,0.4714262802761754
2024-11-25,2024-11-26,-0.0027394133924764,0,0,0.2580360346900279
2024-11-26,2024-11-27,0.0002747462317223,1,0,0.4823024074310146
2024-11-27,2024-11-28,0.0,0,0,0.28944287158872933
2024-11-28,2024-11-29,0.0015103749496907,1,0,0.28280391826419854
2024-11-29,2024-12-02,-0.0152179952453832,0,0,0.3506880748151328
2024-12-02,2024-12-03,0.0249199619921693,1,0,0.25552664139664566
2024-12-03,2024-12-04,-0.0177941475022438,0,0,0.17804864413973565
2024-12-04,2024-12-05,-0.0030424730760757,0,0,0.24369050568290546
2024-12-05,2024-12-06,-0.0134553147535501,0,0,0.26267790469751395
2024-12-06,2024-12-09,0.0143419095004946,1,0,0.39438044877185824
2024-12-09,2024-12-10,0.0006931390654403,1,0,0.24368842378690975
2024-12-10,2024-12-11,0.0184235234337284,1,0,0.31287331365167004
2024-12-11,2024-12-12,-0.0014960961096208,0,0,0.40734900321787
2024-12-12,2024-12-13,0.0147118123931875,1,1,0.631325124427134
2024-12-13,2024-12-16,-0.0077862024203688,0,0,0.4286629087571842
2024-12-16,2024-12-17,-0.0097415936277681,0,0,0.43859567833699203
2024-12-17,2024-12-18,0.0027325719575197,1,1,0.5218693259539321
2024-12-18,2024-12-19,-0.0069492048027242,0,1,0.7262828764354511
2024-12-19,2024-12-20,0.000823342347004,1,1,0.5946384411719376
2024-12-20,2024-12-23,-0.0042501395340275,0,1,0.5133104961955947
2024-12-23,2024-12-24,0.0130800580140737,1,1,0.8263728509800098
2024-12-24,2024-12-25,0.0,0,1,0.6790980081129866
2024-12-25,2024-12-26,-0.0043490036268137,0,0,0.4131681027533088
2024-12-26,2024-12-27,0.0124214579058115,1,1,0.5822267160412106
2024-12-27,2024-12-30,0.0029661753557281,1,1,0.6029378203086021
2024-12-30,2024-12-31,0.0033606667838579,1,1,0.5474021877450042
2024-12-31,2025-01-01,0.0,0,0,0.40267101975654446
2025-01-01,2025-01-02,0.017282970606592,1,0,0.3502212308083874
2025-01-02,2025-01-03,0.0076386385977025,1,0,0.36920185031048675
2025-01-03,2025-01-06,-0.0027447272070224,0,0,0.3861964514263757
2025-01-06,2025-01-07,0.0098296195282094,1,0,0.44867343196733694
2025-01-07,2025-01-08,-0.0115509325684333,0,1,0.5450710885936737
2025-01-08,2025-01-09,0.0099789189901791,1,0,0.4623616169741789
2025-01-09,2025-01-10,0.0369215293147491,1,0,0.4487054357316219
2025-01-10,2025-01-13,0.0156720156283971,1,1,0.6975633001783023
2025-01-13,2025-01-14,-0.0134551776143907,0,0,0.3119862198360726
2025-01-14,2025-01-15,0.026401409643318,1,0,0.34513790139715333
2025-01-15,2025-01-16,-0.0090210639373591,0,0,0.24872118347810324
2025-01-16,2025-01-17,-0.0061508179895283,0,0,0.23352094635339482
2025-01-17,2025-01-20,0.0,0,0,0.41500600845146673
2025-01-20,2025-01-21,-0.0185666540784963,0,0,0.38102941168835847
2025-01-21,2025-01-22,-0.0036574714614557,0,0,0.47765143154234835
2025-01-22,2025-01-23,-0.0089873301831981,0,1,0.5972921928237248
2025-01-23,2025-01-24,0.0026823231832535,1,0,0.45791069737737566
2025-01-24,2025-01-27,-0.0180891486489849,0,1,0.850515164744563
2025-01-27,2025-01-28,0.0053190973401049,1,1,0.5085235015788849
2025-01-28,2025-01-29,-0.0117433998941985,0,1,0.7603144373962767
2025-01-29,2025-01-30,0.0037869013919211,1,1,0.6637897131141985
2025-01-30,2025-01-31,-0.0014309952702122,0,1,0.6804211889926659
2025-01-31,2025-02-03,-0.0104221343081517,0,0,0.48752768325122686
2025-02-03,2025-02-04,0.0031595295769111,1,1,0.5621848824888663
2025-02-04,2025-02-05,-0.020866094508778,0,0,0.4291533742529817
2025-02-05,2025-02-06,-0.0042889651816974,0,1,0.672152561218926
2025-02-06,2025-02-07,0.0049805188049836,1,1,0.6817601773521201
2025-02-07,2025-02-10,0.0162067911213716,1,0,0.49686911127956696
2025-02-10,2025-02-11,0.0148938607158397,1,1,0.5118105490411701
2025-02-11,2025-02-12,-0.0236363596730417,0,0,0.4984261861918948
2025-02-12,2025-02-13,-0.0021282742944915,0,1,0.6557554290947141
2025-02-13,2025-02-14,-0.0037323219384968,0,1,0.7472061193524677
2025-02-14,2025-02-17,0.0,0,1,0.822542221745965
2025-02-17,2025-02-18,0.0147176679898504,1,1,0.6359054606864548
2025-02-18,2025-02-19,0.0026371912881646,1,0,0.4269906858604415
2025-02-19,2025-02-20,0.0057864602328852,1,0,0.4187338440922326
2025-02-20,2025-02-21,-0.0268044320316045,0,1,0.7064134022028948
2025-02-21,2025-02-24,0.0047023844241036,1,0,0.47713393395941656
2025-02-24,2025-02-25,-0.0235357336849506,0,0,0.3588004420419547
2025-02-25,2025-02-26,-0.0067104613297193,0,1,0.5994569284687821
2025-02-26,2025-02-27,0.0208190012635363,1,1,0.5472112061705818
2025-02-27,2025-02-28,-0.0116153511577172,0,1,0.5254150514320525
2025-02-28,2025-03-03,-0.0213172663581339,0,0,0.3726313309139168
2025-03-03,2025-03-04,-0.0080983218208877,0,0,0.2633544964852625
2025-03-04,2025-03-05,-0.0244932128567754,0,0,0.48059659094274426
2025-03-05,2025-03-06,0.0023087449591503,1,1,0.7246710347537532
2025-03-06,2025-03-07,0.0129571197486539,1,1,0.6077501339568258
2025-03-07,2025-03-10,-0.0153496563627913,0,1,0.7662709660827368
2025-03-10,2025-03-11,0.0040415528901618,1,0,0.41038098290571745
2025-03-11,2025-03-12,0.0199827406330423,1,1,0.7168168428493821
2025-03-12,2025-03-13,-0.0150810393354178,0,1,0.7382762379232264
2025-03-13,2025-03-14,0.0100172381961918,1,1,0.6076017789884223
2025-03-14,2025-03-17,0.0069424461753688,1,1,0.7065859909062422
2025-03-17,2025-03-18,-0.0071760537275985,0,0,0.19128683468662083
2025-03-18,2025-03-19,0.0031179312402955,1,0,0.3421586013172475
2025-03-19,2025-03-20,0.017236525031701,1,1,0.5804456898810307
2025-03-20,2025-03-21,0.0022222730848524,1,0,0.3931524383299107
2025-03-21,2025-03-24,0.011640746885545,1,1,0.6440046774753619
2025-03-24,2025-03-25,0.0002739266173479,1,1,0.5889670693852642
2025-03-25,2025-03-26,0.0105451151446205,1,0,0.2785027239052795
2025-03-26,2025-03-27,0.0032524442443668,1,1,0.6425699706366987
2025-03-27,2025-03-28,-0.0054032356135979,0,1,0.5118827137274817
2025-03-28,2025-03-31,0.0150753857362126,1,1,0.5621099517794541
2025-03-31,2025-04-01,-0.0033449291831086,0,0,0.3336914681992079
2025-04-01,2025-04-02,0.006175313433542,1,1,0.5213026072669398
2025-04-02,2025-04-03,-0.0641760874508823,0,0,0.4810550385282595
2025-04-03,2025-04-04,-0.0650127972380155,0,1,0.7682532921523577
2025-04-04,2025-04-07,-0.0208905566991502,0,0,0.18970812293130895
2025-04-07,2025-04-08,-0.0216477092270286,0,0,0.3647503144733203
2025-04-08,2025-04-09,0.0423432613026346,1,1,0.7397681729692436
2025-04-09,2025-04-10,-0.0328344748878398,0,0,0.2119783627404317
2025-04-10,2025-04-11,0.0225801399625817,1,0,0.3713725793729634
2025-04-11,2025-04-14,0.0018529202166341,1,0,0.3392108902489786
2025-04-14,2025-04-15,-0.0032367307854901,0,0,0.1811842369071956
2025-04-15,2025-04-16,0.0182464873756935,1,1,0.606041548766748
2025-04-16,2025-04-17,0.0320425308920968,1,1,0.5187560057254624
2025-04-17,2025-04-18,0.0,0,1,0.5819968559907112
2025-04-18,2025-04-21,-0.0250146699697439,0,0,0.4073899268855815
2025-04-21,2025-04-22,0.0178086366908003,1,1,0.788040529294551
2025-04-22,2025-04-23,-0.0195729485029463,0,1,0.6062568993434055
2025-04-23,2025-04-24,0.0065033316290661,1,0,0.4429223004142024
2025-04-24,2025-04-25,0.004808409919611,1,0,0.3100026659298462
2025-04-25,2025-04-28,-0.0151039643299863,0,1,0.6073836834817693
2025-04-28,2025-04-29,-0.0244458031495753,0,0,0.391005805930171
2025-04-29,2025-04-30,-0.0175875652624939,0,1,0.6241154409822133
2025-04-30,2025-05-01,-0.015684377067843,0,1,0.5723815339720795
2025-05-01,2025-05-02,-0.0135200408521958,0,1,0.525329773419877
2025-05-02,2025-05-05,-0.017294850015616,0,1,0.5391009803009625
2025-05-05,2025-05-06,0.031877834936661,1,1,0.7282734609512528
2025-05-06,2025-05-07,-0.016572849053998,0,1,0.7174994858672725
2025-05-07,2025-05-08,0.028141381720572,1,0,0.3904307856309629
2025-05-08,2025-05-09,0.0170273662034698,1,0,0.23902494401824284
2025-05-09,2025-05-12,0.0164293418802607,1,0,0.277087151447303
2025-05-12,2025-05-13,0.025708100253722,1,0,0.300258042523654
2025-05-13,2025-05-14,-0.0081044715261434,0,0,0.33040468344241036
2025-05-14,2025-05-15,-0.0236041404907655,0,0,0.3326961436010971
2025-05-15,2025-05-16,0.0136371439556703,1,1,0.644239734128549
2025-05-16,2025-05-19,0.0019874215890507,1,1,0.7023386635004564
2025-05-19,2025-05-20,-0.0024413130893238,0,1,0.7000130754125865
2025-05-20,2025-05-21,-0.0071886450145731,0,1,0.8775816216876436
2025-05-21,2025-05-22,-0.0072408133444226,0,1,0.505227059012345
2025-05-22,2025-05-23,0.0052761689169669,1,1,0.7393636392328191
2025-05-23,2025-05-26,0.0,0,0,0.2448695008086777
2025-05-26,2025-05-27,-0.0106514735166491,0,0,0.2849946322224974
2025-05-27,2025-05-28,0.0126385588121713,1,0,0.45969770793093273
2025-05-28,2025-05-29,-0.0115562400980983,0,0,0.11370250848558672
2025-05-29,2025-05-30,-0.0038971160413635,0,0,0.4422794797628943
2025-05-30,2025-06-02,0.0114240330220245,1,0,0.4948226289365644
2025-06-02,2025-06-03,0.0154726913584559,1,0,0.4210253474569772
2025-06-03,2025-06-04,-0.0117323887748038,0,0,0.4067582563517787
2025-06-04,2025-06-05,0.0074004890999408,1,1,0.5904461662188712
2025-06-05,2025-06-06,0.0172942293563798,1,1,0.5491905584701996
2025-06-06,2025-06-09,0.0085752923778597,1,1,0.5676884736144323
2025-06-09,2025-06-10,-0.0025357721751751,0,0,0.30037487207664554
2025-06-10,2025-06-11,0.0433676353726875,1,0,0.3903934125223101
2025-06-11,2025-06-12,-0.0058763946171923,0,0,0.42797509124712246
2025-06-12,2025-06-13,0.0702134184505069,1,0,0.40259949402607503
2025-06-13,2025-06-16,-0.0134716415839497,0,1,0.5033980950623835
2025-06-16,2025-06-17,0.0439709605858391,1,0,0.3373901554072229
2025-06-17,2025-06-18,0.0032701113143176,1,1,0.5440009933884007
2025-06-18,2025-06-19,0.0,0,1,0.5531473695157985
2025-06-19,2025-06-20,0.0040417887916928,1,0,0.24131491987989906
2025-06-20,2025-06-23,-0.0718088381495474,0,0,0.39751049407094935
2025-06-23,2025-06-24,-0.0607163369259156,0,1,0.6210466510208438
2025-06-24,2025-06-25,0.008042909151569,1,1,0.8474293912027961
2025-06-25,2025-06-26,0.0007388157732319,1,1,0.7922458837784407
2025-06-26,2025-06-27,0.0005904810888912,1,1,0.780918085320326
2025-06-27,2025-06-30,-0.002360868240226,0,1,0.5878645631765542
2025-06-30,2025-07-01,-0.0073953556498481,0,1,0.7472963944360516
2025-07-01,2025-07-02,0.0298018176398511,1,1,0.6235283732745985
2025-07-02,2025-07-03,-0.0044855672964256,0,1,0.5382206718203247
2025-07-03,2025-07-04,-0.0074128214187257,0,1,0.5819962220501905
2025-07-04,2025-07-07,0.0188900409757357,1,1,0.7458866359243534
2025-07-07,2025-07-08,0.0081920045964962,1,1,0.6019544760961673
2025-07-08,2025-07-09,0.0005702197385211,1,1,0.5008890454023514
2025-07-09,2025-07-10,-0.0220829605049769,0,0,0.4989907603384267
2025-07-10,2025-07-11,0.0250582930652314,1,1,0.6941465846134195
2025-07-11,2025-07-14,-0.0163445354733228,0,0,0.3882381058262215
2025-07-14,2025-07-15,-0.0072243896346499,0,1,0.5424374313309066
2025-07-15,2025-07-16,-0.0027652808024732,0,0,0.47363599780766685
2025-07-16,2025-07-17,0.0145942797576186,1,0,0.364858322119441
2025-07-17,2025-07-18,-0.0034522133969847,0,1,0.509788802422722
2025-07-18,2025-07-21,-0.0010103882225404,0,0,0.43564029549130023
2025-07-21,2025-07-22,-0.0089582828317235,0,0,0.49165015383576505
2025-07-22,2025-07-23,-0.0011662663060381,0,0,0.4013527368340635
2025-07-23,2025-07-24,0.0097795671880587,1,0,0.4716922254805866
2025-07-24,2025-07-25,-0.0106967022333789,0,0,0.49854071359457847
2025-07-25,2025-07-28,0.0233781183086734,1,1,0.5374019707306437
2025-07-28,2025-07-29,0.0352655795033769,1,0,0.4024031502816853
2025-07-29,2025-07-30,0.0100675176669773,1,1,0.5903211776184546
2025-07-30,2025-07-31,-0.0096941439811794,0,1,0.5097057004001393
2025-07-31,2025-08-01,-0.0394319682681137,0,1,0.5734595688086528
2025-08-01,2025-08-04,-0.0130615194004765,0,1,0.5535597929179991
2025-08-04,2025-08-05,-0.0162885792871708,0,0,0.17010488590857847
2025-08-05,2025-08-06,-0.0110881136423366,0,1,0.7108126803170212
2025-08-06,2025-08-07,-0.0068769485523996,0,1,0.5631881245853293
2025-08-07,2025-08-08,0.0024084906214034,1,1,0.6187580339055921
2025-08-08,2025-08-11,0.0006007045761704,1,1,0.7021238960988118
2025-08-11,2025-08-12,-0.0076541276881079,0,1,0.7960964390045207
2025-08-12,2025-08-13,-0.0074108510709248,0,1,0.8250709065736685
2025-08-13,2025-08-14,0.0184366773595994,1,1,0.555521325875891
2025-08-14,2025-08-15,-0.014811458976821,0,1,0.5278445755869423
2025-08-15,2025-08-18,0.0113895219040096,1,0,0.42044165288612856
2025-08-18,2025-08-19,-0.0121621257830583,0,0,0.31126906724782866
2025-08-19,2025-08-20,0.0159598025194047,1,0,0.40687304042915984
2025-08-20,2025-08-21,0.0124177420186986,1,0,0.42202598215479825
2025-08-21,2025-08-22,0.0008867325197567,1,1,0.5021633278972281
2025-08-22,2025-08-25,0.0157980162674047,1,1,0.5462648456289231
2025-08-25,2025-08-26,-0.0229651418745732,0,1,0.547428323461042
2025-08-26,2025-08-27,0.0123475426358525,1,1,0.6140200395154499
2025-08-27,2025-08-28,0.0083761891147997,1,1,0.5084223157840738
2025-08-28,2025-08-29,-0.0072865051003645,0,0,0.3740662482281796
2025-08-29,2025-09-01,0.0,0,0,0.41304124772484774
2025-09-01,2025-09-02,0.014973526158843,1,0,0.46062471727513693
2025-09-02,2025-09-03,-0.0222736611096631,0,1,0.6165143898365508
2025-09-03,2025-09-04,-0.0090236778716065,0,1,0.5752908653087007
2025-09-04,2025-09-05,-0.0222420945108787,0,1,0.5603411706105339
2025-09-05,2025-09-08,0.0079388800468154,1,1,0.6647342622504749
2025-09-08,2025-09-09,0.0056044042016911,1,0,0.4318844370710442
2025-09-09,2025-09-10,0.0165687375242333,1,1,0.7045317329141156
2025-09-10,2025-09-11,-0.0165949792952763,0,1,0.6480291251665312
2025-09-11,2025-09-12,0.0093414960302895,1,1,0.5401019739238472
2025-09-12,2025-09-15,0.0067174890578716,1,0,0.3396957720972537
2025-09-15,2025-09-16,0.0152728164592188,1,0,0.37439486658909193
2025-09-16,2025-09-17,-0.0075946292272549,0,0,0.3396054572515533
2025-09-17,2025-09-18,-0.0075054382596132,0,0,0.3246079259539173
2025-09-18,2025-09-19,-0.0112693076618848,0,0,0.3810725961121639
2025-09-19,2025-09-22,-0.0016496792118794,0,1,0.5407043827997768
2025-09-22,2025-09-23,0.0159230518770179,1,1,0.5179585417223869
2025-09-23,2025-09-24,0.0248410523939637,1,1,0.5225122418781296
2025-09-24,2025-09-25,0.0015870814345155,1,1,0.562478669080109
2025-09-25,2025-09-26,0.0102275871967723,1,0,0.34603773647278474
2025-09-26,2025-09-29,-0.0307998875988771,0,0,0.47867484852082387
2025-09-29,2025-09-30,-0.0139768215473763,0,0,0.49928185638563527
2025-09-30,2025-10-01,-0.0249179088718752,0,1,0.6962711248678218
2025-10-01,2025-10-02,-0.0189747190929251,0,1,0.6994957333418669
2025-10-02,2025-10-03,0.0065512114326433,1,1,0.510456931043856
2025-10-03,2025-10-06,0.0145669062325757,1,1,0.5692708888007213
2025-10-06,2025-10-07,-0.0003055486801275,0,1,0.5135993413019787
2025-10-07,2025-10-08,0.0122231182438472,1,1,0.6215402246736836
2025-10-08,2025-10-09,-0.0155471513856132,0,1,0.5680494609985072
2025-10-09,2025-10-10,-0.0381784978819715,0,1,0.6707050771830229
2025-10-10,2025-10-13,0.0094053906726181,1,1,0.586051360114354
2025-10-13,2025-10-14,-0.0146873074803852,0,0,0.3725107036206813
2025-10-14,2025-10-15,-0.0076935333696439,0,0,0.4678440470386352
2025-10-15,2025-10-16,-0.0137295828818617,0,0,0.46371296659512173
2025-10-16,2025-10-17,0.0037667791854478,1,0,0.22439806124147688
2025-10-17,2025-10-20,-0.0045684873521221,0,1,0.5415825128196382
2025-10-20,2025-10-21,0.0050811568893553,1,0,0.47117196730567806
2025-10-21,2025-10-22,0.0207110317039167,1,0,0.47091957895311276
2025-10-22,2025-10-23,0.05432173994077,1,0,0.476454547413777
2025-10-23,2025-10-24,-0.0007576212150588,0,1,0.7584070433060475
2025-10-24,2025-10-27,-0.0048528917648822,0,0,0.4346981282685071
2025-10-27,2025-10-28,-0.0185919105400627,0,0,0.37419517811608405
2025-10-28,2025-10-29,0.0080744818438778,1,1,0.7220931068775673
2025-10-29,2025-10-30,0.0012323141298693,1,0,0.49386860471506333
2025-10-30,2025-10-31,0.001076918381911,1,1,0.5270091462614587
2025-10-31,2025-11-03,-0.0027662564318422,0,0,0.366039546379413
2025-11-03,2025-11-04,-0.0069347657955745,0,1,0.508633561300207
2025-11-04,2025-11-05,-0.014276876920964,0,1,0.568699857684615
2025-11-05,2025-11-06,-0.0022040206020075,0,1,0.7198659850256349
2025-11-06,2025-11-07,0.0039444619089121,1,1,0.5846980972877046
2025-11-07,2025-11-10,0.0067577633704296,1,1,0.64760753881211
2025-11-10,2025-11-11,0.0171714977433379,1,1,0.6080100998607894
2025-11-11,2025-11-12,-0.0375998225896571,0,1,0.5773893891223084
2025-11-12,2025-11-13,0.0047839139123002,1,1,0.8027554838828641
2025-11-13,2025-11-14,0.0219013030451649,1,1,0.6276957274378199
2025-11-14,2025-11-17,-0.002950806696805,0,0,0.42168041211482793
2025-11-17,2025-11-18,0.0107477020904305,1,1,0.8626754942233699
2025-11-18,2025-11-19,-0.021266775791269,0,0,0.33568710063021256
2025-11-19,2025-11-20,-0.0020468785522529,0,1,0.6366601999353992
2025-11-20,2025-11-21,-0.0129378302462153,0,1,0.5549418617752067
2025-11-21,2025-11-24,0.0129475310232261,1,1,0.7583572547051217
2025-11-24,2025-11-25,-0.014044491157481,0,1,0.5542924034317659
2025-11-25,2025-11-26,0.0104033535633991,1,1,0.8472361316320826
2025-11-26,2025-11-27,0.0,0,0,0.2995169259553976
2025-11-27,2025-11-28,0.0011088182106744,1,1,0.571454696595885
2025-11-28,2025-12-01,-0.000474724582784,0,1,0.5430960305341695
2025-12-01,2025-12-02,-0.0113977746853856,0,1,0.5343128322326152
2025-12-02,2025-12-03,0.0035227766744305,1,1,0.7451843263324566
2025-12-03,2025-12-04,0.0094143955612919,1,0,0.39089945535965903
2025-12-04,2025-12-05,0.0077458376773305,1,0,0.4992457170278536
2025-12-05,2025-12-08,-0.019764679553462,0,0,0.4922001282393094
2025-12-08,2025-12-09,-0.0088014568248498,0,1,0.7323424768802916
2025-12-09,2025-12-10,0.004359064639166,1,1,0.6801492437922059
2025-12-10,2025-12-11,-0.0149493701794298,0,1,0.7175249991043172
2025-12-11,2025-12-12,-0.0026109636194406,0,1,0.7306979607141432
2025-12-12,2025-12-15,-0.0091622638805645,0,0,0.4105105154208829
2025-12-15,2025-12-16,-0.0270806335395659,0,1,0.5382859255878125
2025-12-16,2025-12-17,0.0128988825500513,1,1,0.5713851826678263
2025-12-17,2025-12-18,0.0023458342649556,1,0,0.37772907593302535
2025-12-18,2025-12-19,0.0108659566899855,1,1,0.5642950266634027
2025-12-19,2025-12-22,0.0264593755882593,1,1,0.5726816864616543
2025-12-22,2025-12-23,0.004994383354522,1,1,0.5628243742389881
2025-12-23,2025-12-24,-0.0022442992505813,0,1,0.5529349105088498
2025-12-24,2025-12-25,0.0,0,1,0.6702136013591941
2025-12-25,2025-12-26,-0.025706976954853,0,0,0.4455229006968697
2025-12-26,2025-12-29,0.0214379823572765,1,1,0.6046014902150547
2025-12-29,2025-12-30,-0.0003229005199725,0,0,0.48792032793108947
2025-12-30,2025-12-31,-0.0172803573395592,0,0,0.3870702088589311
2025-12-31,2026-01-01,0.0,0,1,0.5649542247316596
2026-01-01,2026-01-02,-0.0016433603390083,0,0,0.3964107238181862
2026-01-02,2026-01-05,0.016625486774209,1,0,0.46000395904795155
2026-01-05,2026-01-06,-0.0171631733711393,0,1,0.5060462523079624
2026-01-06,2026-01-07,-0.012191131287738,0,1,0.64041809110754
2026-01-07,2026-01-08,0.0338559477149797,1,0,0.44072308322303133
2026-01-08,2026-01-09,0.0217776808770444,1,1,0.5581861941178834
2026-01-09,2026-01-12,0.0083675209665312,1,0,0.4362205276835874
2026-01-12,2026-01-13,0.025050920863874,1,0,0.4490054947657077
2026-01-13,2026-01-14,0.0160378097263766,1,0,0.3295651185283634
2026-01-14,2026-01-15,-0.041491257679143,0,1,0.613093104949341
2026-01-15,2026-01-16,0.0058029946929878,1,1,0.6332997095461259
2026-01-16,2026-01-19,0.0,0,0,0.3941343944615134
2026-01-19,2026-01-20,0.0123187423883015,1,0,0.23637374870198413
2026-01-20,2026-01-21,0.0049291389995338,1,0,0.44753763899743754
2026-01-21,2026-01-22,-0.0180870684214274,0,0,0.3539244085664707
2026-01-22,2026-01-23,0.0284108611331044,1,1,0.8207611546530725
2026-01-23,2026-01-26,-0.0044019570069471,0,0,0.4416888508449844
2026-01-26,2026-01-27,0.0301875814527186,1,0,0.4318842222478085
2026-01-27,2026-01-28,0.0122835849460314,1,1,0.5785401201116617
2026-01-28,2026-01-29,0.0337718933780983,1,0,0.46642595493297145
2026-01-29,2026-01-30,-0.0002827979539713,0,1,0.5143447315802357
2026-01-30,2026-02-02,-0.0621021253081329,0,1,0.5028493364982998
2026-02-02,2026-02-03,0.0155354258203095,1,1,0.6369949854955227
2026-02-03,2026-02-04,0.0316351878136373,1,1,0.8096253005336155
2026-02-04,2026-02-05,-0.0274977837300578,0,0,0.28078098869325907
2026-02-05,2026-02-06,0.0074019241659677,1,1,0.7500904159044974
2026-02-06,2026-02-09,0.0145480943331708,1,1,0.7518144588963923
2026-02-09,2026-02-10,-0.0034762146666709,0,0,0.34602220742703743
2026-02-10,2026-02-11,0.0087209076672527,1,1,0.5132488133156573
2026-02-11,2026-02-12,-0.0270894069377138,0,0,0.49836300842245806
2026-02-12,2026-02-13,0.0034064479912443,1,1,0.7933547495918737
2026-02-13,2026-02-16,0.0,0,0,0.46838513576023816
2026-02-16,2026-02-17,-0.0048708757351245,0,0,0.4455962962114101
2026-02-17,2026-02-18,0.0434589199755479,1,0,0.38563739377146417
2026-02-18,2026-02-19,0.0186212539644927,1,0,0.45010825897816115
2026-02-19,2026-02-20,0.0013954572845489,1,1,0.5761432514522292
2026-02-20,2026-02-23,-0.0037626012322067,0,0,0.39974965572383
2026-02-23,2026-02-24,-0.0100713560248686,0,0,0.4994624142165561
2026-02-24,2026-02-25,0.0011304484223473,1,0,0.47411192039469724
2026-02-25,2026-02-26,-0.001411411097738,0,1,0.7690706146770347
2026-02-26,2026-02-27,0.0244523442676125,1,1,0.6474666706356625
2026-02-27,2026-03-02,0.0725716647794934,1,1,0.6184097555503183
2026-03-02,2026-03-03,0.0470800586915773,1,1,0.530609064715516
2026-03-03,2026-03-04,0.0,0,1,0.5160360776941552
2026-03-04,2026-03-05,0.0492629245830615,1,0,0.4165978816018182
2026-03-05,2026-03-06,0.0852359029054403,1,0,0.39496456485093134
2026-03-06,2026-03-09,0.067644799632301,1,1,0.6480702527859403
2026-03-09,2026-03-10,-0.112772798463636,0,1,0.6277191758812349
2026-03-10,2026-03-11,0.0476082022766182,1,1,0.5348940581425733
2026-03-11,2026-03-12,0.0921939053930229,1,1,0.7345790749437936
2026-03-12,2026-03-13,0.0266772877722434,1,1,0.6256638515955134
2026-03-13,2026-03-16,-0.0284079922679333,0,0,0.3757685056862493
2026-03-16,2026-03-17,0.0320327224209111,1,1,0.500393725713711
2026-03-17,2026-03-18,0.0382904578861396,1,0,0.4898010620380466
2026-03-18,2026-03-19,0.0118271959857079,1,1,0.5216262426759465
2026-03-19,2026-03-20,0.0,0,0,0.32478340484549534
