date,dgs3,dgs10
2015-01-01,,
2015-01-02,1.07,2.12
2015-01-05,1.06,2.04
2015-01-06,1.02,1.97
2015-01-07,1.0,1.96
2015-01-08,1.0,2.03
2015-01-09,0.96,1.98
2015-01-12,0.91,1.92
2015-01-13,0.88,1.91
2015-01-14,0.83,1.86
2015-01-15,0.75,1.77
2015-01-16,0.8,1.83
2015-01-19,,
2015-01-20,0.85,1.82
2015-01-21,0.87,1.87
2015-01-22,0.9,1.9
2015-01-23,0.86,1.81
2015-01-26,0.89,1.83
2015-01-27,0.87,1.83
2015-01-28,0.81,1.73
2015-01-29,0.84,1.77
2015-01-30,0.77,1.68
2015-02-02,0.78,1.68
2015-02-03,0.85,1.79
2015-02-04,0.86,1.81
2015-02-05,0.87,1.83
2015-02-06,1.03,1.95
2015-02-09,1.04,1.96
2015-02-10,1.05,2.01
2015-02-11,1.06,2.0
2015-02-12,1.02,1.99
2015-02-13,1.03,2.02
2015-02-16,,
2015-02-17,1.1,2.14
2015-02-18,1.0,2.07
2015-02-19,1.05,2.11
2015-02-20,1.07,2.13
2015-02-23,1.03,2.06
2015-02-24,0.97,1.99
2015-02-25,0.98,1.96
2015-02-26,1.04,2.03
2015-02-27,1.01,2.0
2015-03-02,1.06,2.08
2015-03-03,1.09,2.12
2015-03-04,1.07,2.12
2015-03-05,1.05,2.11
2015-03-06,1.16,2.24
2015-03-09,1.13,2.2
2015-03-10,1.1,2.14
2015-03-11,1.09,2.11
2015-03-12,1.06,2.1
2015-03-13,1.07,2.13
2015-03-16,1.06,2.1
2015-03-17,1.07,2.06
2015-03-18,0.92,1.93
2015-03-19,0.99,1.98
2015-03-20,0.95,1.93
2015-03-23,0.93,1.92
2015-03-24,0.91,1.88
2015-03-25,0.94,1.93
2015-03-26,0.98,2.01
2015-03-27,0.92,1.95
2015-03-30,0.93,1.96
2015-03-31,0.89,1.94
2015-04-01,0.86,1.87
2015-04-02,0.87,1.92
2015-04-03,0.8,1.85
2015-04-06,0.83,1.92
2015-04-07,0.85,1.89
2015-04-08,0.86,1.92
2015-04-09,0.89,1.97
2015-04-10,0.91,1.96
2015-04-13,0.89,1.94
2015-04-14,0.85,1.9
2015-04-15,0.85,1.91
2015-04-16,0.81,1.9
2015-04-17,0.84,1.87
2015-04-20,0.86,1.9
2015-04-21,0.86,1.92
2015-04-22,0.91,1.99
2015-04-23,0.87,1.96
2015-04-24,0.84,1.93
2015-04-27,0.87,1.94
2015-04-28,0.9,2.0
2015-04-29,0.91,2.06
2015-04-30,0.91,2.05
2015-05-01,0.97,2.12
2015-05-04,0.96,2.16
2015-05-05,1.0,2.19
2015-05-06,1.03,2.25
2015-05-07,1.02,2.18
2015-05-08,0.96,2.16
2015-05-11,1.02,2.28
2015-05-12,1.0,2.28
2015-05-13,0.97,2.27
2015-05-14,0.91,2.23
2015-05-15,0.9,2.14
2015-05-18,0.95,2.23
2015-05-19,1.01,2.27
2015-05-20,0.98,2.26
2015-05-21,0.95,2.19
2015-05-22,1.01,2.21
2015-05-25,,
2015-05-26,0.99,2.14
2015-05-27,1.0,2.14
2015-05-28,0.97,2.13
2015-05-29,0.94,2.12
2015-06-01,0.99,2.19
2015-06-02,1.02,2.27
2015-06-03,1.07,2.38
2015-06-04,1.04,2.31
2015-06-05,1.13,2.41
2015-06-08,1.09,2.39
2015-06-09,1.12,2.42
2015-06-10,1.15,2.5
2015-06-11,1.12,2.39
2015-06-12,1.12,2.39
2015-06-15,1.1,2.36
2015-06-16,1.08,2.32
2015-06-17,1.03,2.32
2015-06-18,1.03,2.35
2015-06-19,0.99,2.26
2015-06-22,1.06,2.37
2015-06-23,1.07,2.42
2015-06-24,1.06,2.38
2015-06-25,1.06,2.4
2015-06-26,1.09,2.49
2015-06-29,1.0,2.33
2015-06-30,1.01,2.35
2015-07-01,1.08,2.43
2015-07-02,1.01,2.4
2015-07-03,,
2015-07-06,0.95,2.3
2015-07-07,0.96,2.27
2015-07-08,0.91,2.22
2015-07-09,0.95,2.32
2015-07-10,1.04,2.42
2015-07-13,1.06,2.44
2015-07-14,1.03,2.41
2015-07-15,1.0,2.36
2015-07-16,1.05,2.36
2015-07-17,1.05,2.34
2015-07-20,1.09,2.38
2015-07-21,1.07,2.35
2015-07-22,1.08,2.33
2015-07-23,1.06,2.28
2015-07-24,1.04,2.27
2015-07-27,1.0,2.23
2015-07-28,1.03,2.26
2015-07-29,1.05,2.29
2015-07-30,1.07,2.28
2015-07-31,1.0,2.2
2015-08-03,0.99,2.16
2015-08-04,1.08,2.23
2015-08-05,1.1,2.28
2015-08-06,1.08,2.23
2015-08-07,1.08,2.18
2015-08-10,1.09,2.24
2015-08-11,1.03,2.15
2015-08-12,1.01,2.14
2015-08-13,1.06,2.19
2015-08-14,1.08,2.2
2015-08-17,1.07,2.16
2015-08-18,1.07,2.2
2015-08-19,0.98,2.12
2015-08-20,1.0,2.09
2015-08-21,0.95,2.05
2015-08-24,0.9,2.01
2015-08-25,0.98,2.12
2015-08-26,0.98,2.18
2015-08-27,0.99,2.18
2015-08-28,1.04,2.19
2015-08-31,1.07,2.21
2015-09-01,1.03,2.17
2015-09-02,1.04,2.2
2015-09-03,1.0,2.18
2015-09-04,1.0,2.13
2015-09-07,,
2015-09-08,1.05,2.2
2015-09-09,1.06,2.21
2015-09-10,1.06,2.23
2015-09-11,1.03,2.2
2015-09-14,1.03,2.18
2015-09-15,1.12,2.28
2015-09-16,1.13,2.3
2015-09-17,1.0,2.21
2015-09-18,0.97,2.13
2015-09-21,1.01,2.2
2015-09-22,0.97,2.14
2015-09-23,1.0,2.16
2015-09-24,0.97,2.13
2015-09-25,1.0,2.17
2015-09-28,0.97,2.1
2015-09-29,0.92,2.05
2015-09-30,0.92,2.06
2015-10-01,0.92,2.05
2015-10-02,0.85,1.99
2015-10-05,0.89,2.07
2015-10-06,0.9,2.05
2015-10-07,0.92,2.08
2015-10-08,0.93,2.12
2015-10-09,0.96,2.12
2015-10-12,,
2015-10-13,0.92,2.06
2015-10-14,0.84,1.99
2015-10-15,0.9,2.04
2015-10-16,0.91,2.04
2015-10-19,0.89,2.04
2015-10-20,0.93,2.08
2015-10-21,0.91,2.04
2015-10-22,0.89,2.04
2015-10-23,0.94,2.09
2015-10-26,0.94,2.07
2015-10-27,0.92,2.05
2015-10-28,1.0,2.1
2015-10-29,1.05,2.19
2015-10-30,1.05,2.16
2015-11-02,1.08,2.2
2015-11-03,1.1,2.23
2015-11-04,1.16,2.25
2015-11-05,1.16,2.26
2015-11-06,1.23,2.34
2015-11-09,1.27,2.36
2015-11-10,1.22,2.32
2015-11-11,,
2015-11-12,1.24,2.32
2015-11-13,1.2,2.28
2015-11-16,1.18,2.27
2015-11-17,1.18,2.25
2015-11-18,1.21,2.27
2015-11-19,1.21,2.24
2015-11-20,1.23,2.26
2015-11-23,1.26,2.25
2015-11-24,1.23,2.24
2015-11-25,1.25,2.23
2015-11-26,,
2015-11-27,1.23,2.22
2015-11-30,1.24,2.21
2015-12-01,1.19,2.15
2015-12-02,1.23,2.18
2015-12-03,1.27,2.33
2015-12-04,1.25,2.28
2015-12-07,1.24,2.23
2015-12-08,1.25,2.24
2015-12-09,1.22,2.22
2015-12-10,1.25,2.24
2015-12-11,1.16,2.13
2015-12-14,1.25,2.23
2015-12-15,1.29,2.28
2015-12-16,1.35,2.3
2015-12-17,1.33,2.24
2015-12-18,1.27,2.19
2015-12-21,1.28,2.2
2015-12-22,1.31,2.24
2015-12-23,1.32,2.27
2015-12-24,1.33,2.25
2015-12-25,,
2015-12-28,1.33,2.24
2015-12-29,1.38,2.32
2015-12-30,1.36,2.31
2015-12-31,1.31,2.27
2016-01-01,,
2016-01-04,1.31,2.24
2016-01-05,1.32,2.25
2016-01-06,1.26,2.18
2016-01-07,1.22,2.16
2016-01-08,1.2,2.13
2016-01-11,1.2,2.17
2016-01-12,1.18,2.12
2016-01-13,1.15,2.08
2016-01-14,1.14,2.1
2016-01-15,1.08,2.03
2016-01-18,,
2016-01-19,1.11,2.06
2016-01-20,1.06,2.01
2016-01-21,1.06,2.02
2016-01-22,1.11,2.07
2016-01-25,1.1,2.03
2016-01-26,1.07,2.01
2016-01-27,1.07,2.02
2016-01-28,1.05,2.0
2016-01-29,0.97,1.94
2016-02-01,1.01,1.97
2016-02-02,0.93,1.87
2016-02-03,0.91,1.88
2016-02-04,0.9,1.87
2016-02-05,0.91,1.86
2016-02-08,0.83,1.75
2016-02-09,0.85,1.74
2016-02-10,0.85,1.71
2016-02-11,0.81,1.63
2016-02-12,0.89,1.74
2016-02-15,,
2016-02-16,0.91,1.78
2016-02-17,0.93,1.81
2016-02-18,0.88,1.75
2016-02-19,0.91,1.76
2016-02-22,0.92,1.77
2016-02-23,0.9,1.74
2016-02-24,0.9,1.75
2016-02-25,0.85,1.71
2016-02-26,0.93,1.76
2016-02-29,0.91,1.74
2016-03-01,0.98,1.83
2016-03-02,1.0,1.84
2016-03-03,0.99,1.83
2016-03-04,1.04,1.88
2016-03-07,1.08,1.91
2016-03-08,1.04,1.83
2016-03-09,1.07,1.9
2016-03-10,1.11,1.93
2016-03-11,1.16,1.98
2016-03-14,1.15,1.97
2016-03-15,1.16,1.97
2016-03-16,1.05,1.94
2016-03-17,1.04,1.91
2016-03-18,1.0,1.88
2016-03-21,1.05,1.92
2016-03-22,1.08,1.94
2016-03-23,1.03,1.88
2016-03-24,1.05,1.91
2016-03-25,,
2016-03-28,1.04,1.89
2016-03-29,0.94,1.81
2016-03-30,0.91,1.83
2016-03-31,0.87,1.78
2016-04-01,0.9,1.79
2016-04-04,0.88,1.78
2016-04-05,0.85,1.73
2016-04-06,0.88,1.76
2016-04-07,0.83,1.7
2016-04-08,0.84,1.72
2016-04-11,0.85,1.73
2016-04-12,0.9,1.79
2016-04-13,0.9,1.77
2016-04-14,0.92,1.8
2016-04-15,0.87,1.76
2016-04-18,0.9,1.78
2016-04-19,0.92,1.79
2016-04-20,0.97,1.85
2016-04-21,0.98,1.88
2016-04-22,1.01,1.89
2016-04-25,1.01,1.91
2016-04-26,1.04,1.94
2016-04-27,0.99,1.87
2016-04-28,0.93,1.84
2016-04-29,0.92,1.83
2016-05-02,0.96,1.88
2016-05-03,0.92,1.81
2016-05-04,0.89,1.79
2016-05-05,0.87,1.76
2016-05-06,0.9,1.79
2016-05-09,0.86,1.77
2016-05-10,0.88,1.77
2016-05-11,0.87,1.73
2016-05-12,0.92,1.75
2016-05-13,0.91,1.71
2016-05-16,0.94,1.75
2016-05-17,0.97,1.76
2016-05-18,1.08,1.87
2016-05-19,1.06,1.85
2016-05-20,1.05,1.85
2016-05-23,1.05,1.84
2016-05-24,1.08,1.86
2016-05-25,1.08,1.87
2016-05-26,1.03,1.83
2016-05-27,1.06,1.85
2016-05-30,,
2016-05-31,1.03,1.84
2016-06-01,1.07,1.85
2016-06-02,1.03,1.81
2016-06-03,0.92,1.71
2016-06-06,0.94,1.73
2016-06-07,0.94,1.72
2016-06-08,0.93,1.71
2016-06-09,0.91,1.68
2016-06-10,0.87,1.64
2016-06-13,0.84,1.62
2016-06-14,0.85,1.62
2016-06-15,0.81,1.6
2016-06-16,0.81,1.57
2016-06-17,0.83,1.62
2016-06-20,0.87,1.67
2016-06-21,0.89,1.71
2016-06-22,0.88,1.69
2016-06-23,0.92,1.74
2016-06-24,0.76,1.57
2016-06-27,0.7,1.46
2016-06-28,0.71,1.46
2016-06-29,0.74,1.5
2016-06-30,0.71,1.49
2016-07-01,0.71,1.46
2016-07-04,,
2016-07-05,0.66,1.37
2016-07-06,0.69,1.38
2016-07-07,0.69,1.4
2016-07-08,0.71,1.37
2016-07-11,0.77,1.43
2016-07-12,0.81,1.53
2016-07-13,0.8,1.48
2016-07-14,0.82,1.53
2016-07-15,0.87,1.6
2016-07-18,0.85,1.59
2016-07-19,0.84,1.56
2016-07-20,0.86,1.59
2016-07-21,0.82,1.57
2016-07-22,0.84,1.57
2016-07-25,0.87,1.58
2016-07-26,0.87,1.57
2016-07-27,0.83,1.52
2016-07-28,0.82,1.52
2016-07-29,0.76,1.46
2016-08-01,0.78,1.51
2016-08-02,0.79,1.55
2016-08-03,0.78,1.55
2016-08-04,0.76,1.51
2016-08-05,0.86,1.59
2016-08-08,0.86,1.59
2016-08-09,0.84,1.55
2016-08-10,0.8,1.5
2016-08-11,0.88,1.57
2016-08-12,0.82,1.51
2016-08-15,0.85,1.55
2016-08-16,0.87,1.57
2016-08-17,0.86,1.56
2016-08-18,0.81,1.53
2016-08-19,0.88,1.58
2016-08-22,0.86,1.55
2016-08-23,0.86,1.55
2016-08-24,0.87,1.56
2016-08-25,0.89,1.58
2016-08-26,0.96,1.62
2016-08-29,0.92,1.57
2016-08-30,0.92,1.57
2016-08-31,0.92,1.58
2016-09-01,0.91,1.57
2016-09-02,0.92,1.6
2016-09-05,,
2016-09-06,0.86,1.55
2016-09-07,0.86,1.54
2016-09-08,0.91,1.61
2016-09-09,0.93,1.67
2016-09-12,0.92,1.68
2016-09-13,0.95,1.73
2016-09-14,0.9,1.7
2016-09-15,0.87,1.71
2016-09-16,0.91,1.7
2016-09-19,0.92,1.7
2016-09-20,0.93,1.69
2016-09-21,0.92,1.66
2016-09-22,0.91,1.63
2016-09-23,0.9,1.62
2016-09-26,0.87,1.59
2016-09-27,0.86,1.56
2016-09-28,0.87,1.57
2016-09-29,0.85,1.56
2016-09-30,0.88,1.6
2016-10-03,0.91,1.63
2016-10-04,0.95,1.69
2016-10-05,0.98,1.72
2016-10-06,1.0,1.75
2016-10-07,0.99,1.73
2016-10-10,,
2016-10-11,1.03,1.77
2016-10-12,0.99,1.79
2016-10-13,1.0,1.75
2016-10-14,1.0,1.8
2016-10-17,0.98,1.77
2016-10-18,0.96,1.75
2016-10-19,0.96,1.76
2016-10-20,0.98,1.76
2016-10-21,0.98,1.74
2016-10-24,1.0,1.77
2016-10-25,1.0,1.77
2016-10-26,1.01,1.79
2016-10-27,1.04,1.85
2016-10-28,1.02,1.86
2016-10-31,1.0,1.84
2016-11-01,0.99,1.83
2016-11-02,0.98,1.81
2016-11-03,0.98,1.82
2016-11-04,0.95,1.79
2016-11-07,0.99,1.83
2016-11-08,1.04,1.88
2016-11-09,1.12,2.07
2016-11-10,1.17,2.15
2016-11-11,,
2016-11-14,1.27,2.23
2016-11-15,1.28,2.23
2016-11-16,1.28,2.22
2016-11-17,1.31,2.29
2016-11-18,1.36,2.34
2016-11-21,1.36,2.33
2016-11-22,1.35,2.31
2016-11-23,1.4,2.36
2016-11-24,,
2016-11-25,1.41,2.36
2016-11-28,1.38,2.32
2016-11-29,1.37,2.3
2016-11-30,1.4,2.37
2016-12-01,1.45,2.45
2016-12-02,1.4,2.4
2016-12-05,1.42,2.39
2016-12-06,1.41,2.39
2016-12-07,1.39,2.34
2016-12-08,1.4,2.4
2016-12-09,1.43,2.47
2016-12-12,1.44,2.49
2016-12-13,1.46,2.48
2016-12-14,1.57,2.54
2016-12-15,1.61,2.6
2016-12-16,1.59,2.6
2016-12-19,1.55,2.54
2016-12-20,1.56,2.57
2016-12-21,1.54,2.55
2016-12-22,1.54,2.55
2016-12-23,1.54,2.55
2016-12-26,,
2016-12-27,1.58,2.57
2016-12-28,1.55,2.51
2016-12-29,1.49,2.49
2016-12-30,1.47,2.45
2017-01-02,,
2017-01-03,1.5,2.45
2017-01-04,1.5,2.46
2017-01-05,1.43,2.37
2017-01-06,1.5,2.42
2017-01-09,1.47,2.38
2017-01-10,1.47,2.38
2017-01-11,1.47,2.38
2017-01-12,1.45,2.36
2017-01-13,1.48,2.4
2017-01-16,,
2017-01-17,1.42,2.33
2017-01-18,1.51,2.42
2017-01-19,1.53,2.47
2017-01-20,1.5,2.48
2017-01-23,1.43,2.41
2017-01-24,1.49,2.47
2017-01-25,1.52,2.53
2017-01-26,1.49,2.51
2017-01-27,1.48,2.49
2017-01-30,1.48,2.49
2017-01-31,1.46,2.45
2017-02-01,1.49,2.48
2017-02-02,1.48,2.48
2017-02-03,1.49,2.49
2017-02-06,1.43,2.42
2017-02-07,1.43,2.4
2017-02-08,1.4,2.34
2017-02-09,1.46,2.4
2017-02-10,1.47,2.41
2017-02-13,1.48,2.43
2017-02-14,1.53,2.47
2017-02-15,1.57,2.51
2017-02-16,1.5,2.45
2017-02-17,1.48,2.42
2017-02-20,,
2017-02-21,1.5,2.43
2017-02-22,1.49,2.42
2017-02-23,1.44,2.38
2017-02-24,1.38,2.31
2017-02-27,1.46,2.36
2017-02-28,1.49,2.36
2017-03-01,1.57,2.46
2017-03-02,1.6,2.49
2017-03-03,1.59,2.49
2017-03-06,1.6,2.49
2017-03-07,1.62,2.52
2017-03-08,1.65,2.57
2017-03-09,1.67,2.6
2017-03-10,1.66,2.58
2017-03-13,1.69,2.62
2017-03-14,1.68,2.6
2017-03-15,1.59,2.51
2017-03-16,1.63,2.53
2017-03-17,1.6,2.5
2017-03-20,1.57,2.47
2017-03-21,1.54,2.43
2017-03-22,1.52,2.4
2017-03-23,1.52,2.41
2017-03-24,1.52,2.4
2017-03-27,1.51,2.38
2017-03-28,1.56,2.42
2017-03-29,1.53,2.39
2017-03-30,1.55,2.42
2017-03-31,1.5,2.4
2017-04-03,1.47,2.35
2017-04-04,1.47,2.36
2017-04-05,1.44,2.34
2017-04-06,1.45,2.34
2017-04-07,1.52,2.38
2017-04-10,1.52,2.37
2017-04-11,1.45,2.32
2017-04-12,1.44,2.28
2017-04-13,1.4,2.24
2017-04-14,,
2017-04-17,1.42,2.26
2017-04-18,1.35,2.18
2017-04-19,1.38,2.21
2017-04-20,1.41,2.24
2017-04-21,1.4,2.24
2017-04-24,1.44,2.28
2017-04-25,1.49,2.35
2017-04-26,1.46,2.32
2017-04-27,1.44,2.3
2017-04-28,1.45,2.29
2017-05-01,1.48,2.33
2017-05-02,1.45,2.29
2017-05-03,1.5,2.33
2017-05-04,1.51,2.36
2017-05-05,1.52,2.36
2017-05-08,1.53,2.39
2017-05-09,1.57,2.42
2017-05-10,1.56,2.41
2017-05-11,1.55,2.39
2017-05-12,1.49,2.33
2017-05-15,1.49,2.34
2017-05-16,1.48,2.33
2017-05-17,1.42,2.22
2017-05-18,1.44,2.23
2017-05-19,1.45,2.23
2017-05-22,1.45,2.25
2017-05-23,1.49,2.29
2017-05-24,1.46,2.26
2017-05-25,1.46,2.25
2017-05-26,1.46,2.25
2017-05-29,,
2017-05-30,1.44,2.21
2017-05-31,1.44,2.21
2017-06-01,1.45,2.21
2017-06-02,1.42,2.15
2017-06-05,1.45,2.18
2017-06-06,1.42,2.14
2017-06-07,1.45,2.18
2017-06-08,1.47,2.19
2017-06-09,1.5,2.21
2017-06-12,1.5,2.21
2017-06-13,1.51,2.21
2017-06-14,1.48,2.15
2017-06-15,1.49,2.16
2017-06-16,1.48,2.16
2017-06-19,1.52,2.19
2017-06-20,1.5,2.16
2017-06-21,1.5,2.16
2017-06-22,1.48,2.15
2017-06-23,1.48,2.15
2017-06-26,1.48,2.14
2017-06-27,1.53,2.21
2017-06-28,1.51,2.22
2017-06-29,1.53,2.27
2017-06-30,1.55,2.31
2017-07-03,1.6,2.35
2017-07-04,,
2017-07-05,1.59,2.33
2017-07-06,1.6,2.37
2017-07-07,1.6,2.39
2017-07-10,1.59,2.38
2017-07-11,1.57,2.37
2017-07-12,1.53,2.33
2017-07-13,1.55,2.35
2017-07-14,1.54,2.33
2017-07-17,1.53,2.31
2017-07-18,1.52,2.27
2017-07-19,1.52,2.27
2017-07-20,1.51,2.27
2017-07-21,1.5,2.24
2017-07-24,1.53,2.26
2017-07-25,1.56,2.33
2017-07-26,1.5,2.29
2017-07-27,1.52,2.32
2017-07-28,1.51,2.3
2017-07-31,1.51,2.3
2017-08-01,1.5,2.26
2017-08-02,1.52,2.27
2017-08-03,1.49,2.24
2017-08-04,1.51,2.27
2017-08-07,1.52,2.26
2017-08-08,1.53,2.29
2017-08-09,1.5,2.24
2017-08-10,1.49,2.2
2017-08-11,1.43,2.19
2017-08-14,1.48,2.22
2017-08-15,1.51,2.27
2017-08-16,1.49,2.23
2017-08-17,1.46,2.19
2017-08-18,1.47,2.19
2017-08-21,1.46,2.18
2017-08-22,1.48,2.22
2017-08-23,1.45,2.17
2017-08-24,1.47,2.19
2017-08-25,1.47,2.17
2017-08-28,1.46,2.16
2017-08-29,1.43,2.13
2017-08-30,1.44,2.15
2017-08-31,1.44,2.12
2017-09-01,1.46,2.16
2017-09-04,,
2017-09-05,1.4,2.07
2017-09-06,1.42,2.1
2017-09-07,1.38,2.05
2017-09-08,1.39,2.06
2017-09-11,1.44,2.14
2017-09-12,1.46,2.17
2017-09-13,1.48,2.2
2017-09-14,1.5,2.2
2017-09-15,1.53,2.2
2017-09-18,1.54,2.23
2017-09-19,1.55,2.24
2017-09-20,1.6,2.28
2017-09-21,1.59,2.27
2017-09-22,1.58,2.26
2017-09-25,1.56,2.22
2017-09-26,1.57,2.24
2017-09-27,1.6,2.31
2017-09-28,1.59,2.31
2017-09-29,1.62,2.33
2017-10-02,1.63,2.34
2017-10-03,1.62,2.33
2017-10-04,1.62,2.33
2017-10-05,1.63,2.35
2017-10-06,1.66,2.37
2017-10-09,,
2017-10-10,1.64,2.35
2017-10-11,1.66,2.35
2017-10-12,1.66,2.33
2017-10-13,1.64,2.28
2017-10-16,1.68,2.3
2017-10-17,1.69,2.3
2017-10-18,1.7,2.34
2017-10-19,1.69,2.33
2017-10-20,1.72,2.39
2017-10-23,1.7,2.38
2017-10-24,1.73,2.42
2017-10-25,1.74,2.44
2017-10-26,1.76,2.46
2017-10-27,1.73,2.42
2017-10-30,1.71,2.37
2017-10-31,1.73,2.38
2017-11-01,1.74,2.37
2017-11-02,1.73,2.35
2017-11-03,1.74,2.34
2017-11-06,1.73,2.32
2017-11-07,1.75,2.32
2017-11-08,1.77,2.32
2017-11-09,1.75,2.33
2017-11-10,1.79,2.4
2017-11-13,1.82,2.4
2017-11-14,1.81,2.38
2017-11-15,1.79,2.33
2017-11-16,1.83,2.37
2017-11-17,1.83,2.35
2017-11-20,1.86,2.37
2017-11-21,1.88,2.36
2017-11-22,1.84,2.32
2017-11-23,,
2017-11-24,1.85,2.34
2017-11-27,1.84,2.32
2017-11-28,1.85,2.34
2017-11-29,1.86,2.37
2017-11-30,1.9,2.42
2017-12-01,1.9,2.37
2017-12-04,1.93,2.37
2017-12-05,1.94,2.36
2017-12-06,1.92,2.33
2017-12-07,1.92,2.37
2017-12-08,1.92,2.38
2017-12-11,1.95,2.39
2017-12-12,1.95,2.4
2017-12-13,1.9,2.36
2017-12-14,1.92,2.35
2017-12-15,1.95,2.35
2017-12-18,1.94,2.39
2017-12-19,1.97,2.46
2017-12-20,1.98,2.49
2017-12-21,2.01,2.48
2017-12-22,2.01,2.48
2017-12-25,,
2017-12-26,2.02,2.47
2017-12-27,1.99,2.42
2017-12-28,2.0,2.43
2017-12-29,1.98,2.4
2018-01-01,,
2018-01-02,2.01,2.46
2018-01-03,2.02,2.44
2018-01-04,2.05,2.46
2018-01-05,2.06,2.47
2018-01-08,2.07,2.49
2018-01-09,2.09,2.55
2018-01-10,2.08,2.55
2018-01-11,2.09,2.54
2018-01-12,2.12,2.55
2018-01-15,,
2018-01-16,2.12,2.54
2018-01-17,2.15,2.57
2018-01-18,2.17,2.62
2018-01-19,2.2,2.64
2018-01-22,2.21,2.66
2018-01-23,2.18,2.63
2018-01-24,2.2,2.65
2018-01-25,2.2,2.63
2018-01-26,2.24,2.66
2018-01-29,2.26,2.7
2018-01-30,2.27,2.73
2018-01-31,2.29,2.72
2018-02-01,2.33,2.78
2018-02-02,2.33,2.84
2018-02-05,2.25,2.77
2018-02-06,2.3,2.79
2018-02-07,2.33,2.84
2018-02-08,2.32,2.85
2018-02-09,2.26,2.83
2018-02-12,2.3,2.86
2018-02-13,2.3,2.83
2018-02-14,2.4,2.91
2018-02-15,2.4,2.9
2018-02-16,2.38,2.87
2018-02-19,,
2018-02-20,2.4,2.88
2018-02-21,2.44,2.94
2018-02-22,2.42,2.92
2018-02-23,2.39,2.88
2018-02-26,2.37,2.86
2018-02-27,2.43,2.9
2018-02-28,2.42,2.87
2018-03-01,2.36,2.81
2018-03-02,2.4,2.86
2018-03-05,2.41,2.88
2018-03-06,2.42,2.88
2018-03-07,2.42,2.89
2018-03-08,2.42,2.86
2018-03-09,2.45,2.9
2018-03-12,2.43,2.87
2018-03-13,2.41,2.84
2018-03-14,2.41,2.81
2018-03-15,2.42,2.82
2018-03-16,2.44,2.85
2018-03-19,2.45,2.85
2018-03-20,2.49,2.89
2018-03-21,2.46,2.89
2018-03-22,2.43,2.83
2018-03-23,2.41,2.82
2018-03-26,2.44,2.85
2018-03-27,2.39,2.78
2018-03-28,2.41,2.77
2018-03-29,2.39,2.74
2018-03-30,,
2018-04-02,2.37,2.73
2018-04-03,2.41,2.79
2018-04-04,2.42,2.79
2018-04-05,2.45,2.83
2018-04-06,2.4,2.77
2018-04-09,2.43,2.78
2018-04-10,2.45,2.8
2018-04-11,2.45,2.79
2018-04-12,2.49,2.83
2018-04-13,2.51,2.82
2018-04-16,2.52,2.83
2018-04-17,2.52,2.82
2018-04-18,2.57,2.87
2018-04-19,2.58,2.92
2018-04-20,2.62,2.96
2018-04-23,2.64,2.98
2018-04-24,2.63,3.0
2018-04-25,2.64,3.03
2018-04-26,2.63,3.0
2018-04-27,2.62,2.96
2018-04-30,2.62,2.95
2018-05-01,2.66,2.97
2018-05-02,2.64,2.97
2018-05-03,2.62,2.94
2018-05-04,2.63,2.95
2018-05-07,2.64,2.95
2018-05-08,2.66,2.97
2018-05-09,2.68,3.0
2018-05-10,2.69,2.97
2018-05-11,2.69,2.97
2018-05-14,2.7,3.0
2018-05-15,2.75,3.08
2018-05-16,2.76,3.09
2018-05-17,2.75,3.11
2018-05-18,2.71,3.06
2018-05-21,2.73,3.06
2018-05-22,2.73,3.06
2018-05-23,2.67,3.01
2018-05-24,2.65,2.98
2018-05-25,2.6,2.93
2018-05-28,,
2018-05-29,2.43,2.77
2018-05-30,2.53,2.84
2018-05-31,2.54,2.83
2018-06-01,2.61,2.89
2018-06-04,2.64,2.94
2018-06-05,2.62,2.92
2018-06-06,2.65,2.97
2018-06-07,2.63,2.93
2018-06-08,2.63,2.93
2018-06-11,2.66,2.96
2018-06-12,2.67,2.96
2018-06-13,2.71,2.98
2018-06-14,2.69,2.94
2018-06-15,2.68,2.93
2018-06-18,2.67,2.92
2018-06-19,2.64,2.89
2018-06-20,2.67,2.93
2018-06-21,2.65,2.9
2018-06-22,2.65,2.9
2018-06-25,2.63,2.87
2018-06-26,2.63,2.88
2018-06-27,2.59,2.83
2018-06-28,2.6,2.84
2018-06-29,2.63,2.85
2018-07-02,2.65,2.87
2018-07-03,2.63,2.83
2018-07-04,,
2018-07-05,2.65,2.84
2018-07-06,2.64,2.82
2018-07-09,2.66,2.86
2018-07-10,2.69,2.87
2018-07-11,2.67,2.85
2018-07-12,2.68,2.85
2018-07-13,2.66,2.83
2018-07-16,2.67,2.85
2018-07-17,2.69,2.86
2018-07-18,2.69,2.88
2018-07-19,2.67,2.84
2018-07-20,2.68,2.89
2018-07-23,2.72,2.96
2018-07-24,2.74,2.95
2018-07-25,2.74,2.94
2018-07-26,2.78,2.98
2018-07-27,2.76,2.96
2018-07-30,2.77,2.98
2018-07-31,2.77,2.96
2018-08-01,2.78,3.0
2018-08-02,2.76,2.98
2018-08-03,2.74,2.95
2018-08-06,2.73,2.94
2018-08-07,2.76,2.98
2018-08-08,2.77,2.96
2018-08-09,2.74,2.93
2018-08-10,2.68,2.87
2018-08-13,2.68,2.88
2018-08-14,2.71,2.89
2018-08-15,2.68,2.86
2018-08-16,2.7,2.87
2018-08-17,2.68,2.87
2018-08-20,2.65,2.82
2018-08-21,2.67,2.85
2018-08-22,2.65,2.82
2018-08-23,2.66,2.82
2018-08-24,2.68,2.82
2018-08-27,2.7,2.85
2018-08-28,2.73,2.88
2018-08-29,2.75,2.89
2018-08-30,2.72,2.86
2018-08-31,2.7,2.86
2018-09-03,,
2018-09-04,2.73,2.9
2018-09-05,2.72,2.9
2018-09-06,2.71,2.88
2018-09-07,2.78,2.94
2018-09-10,2.78,2.94
2018-09-11,2.83,2.98
2018-09-12,2.82,2.97
2018-09-13,2.83,2.97
2018-09-14,2.85,2.99
2018-09-17,2.85,2.99
2018-09-18,2.88,3.05
2018-09-19,2.89,3.08
2018-09-20,2.89,3.07
2018-09-21,2.89,3.07
2018-09-24,2.89,3.08
2018-09-25,2.91,3.1
2018-09-26,2.89,3.06
2018-09-27,2.89,3.06
2018-09-28,2.88,3.05
2018-10-01,2.9,3.09
2018-10-02,2.88,3.05
2018-10-03,2.94,3.15
2018-10-04,2.97,3.19
2018-10-05,2.99,3.23
2018-10-08,,
2018-10-09,2.98,3.21
2018-10-10,2.97,3.22
2018-10-11,2.94,3.14
2018-10-12,2.93,3.15
2018-10-15,2.94,3.16
2018-10-16,2.95,3.16
2018-10-17,2.97,3.19
2018-10-18,2.95,3.17
2018-10-19,2.99,3.2
2018-10-22,2.99,3.2
2018-10-23,2.95,3.17
2018-10-24,2.89,3.1
2018-10-25,2.92,3.14
2018-10-26,2.85,3.08
2018-10-29,2.86,3.08
2018-10-30,2.9,3.12
2018-10-31,2.93,3.15
2018-11-01,2.91,3.14
2018-11-02,2.98,3.22
2018-11-05,2.99,3.2
2018-11-06,3.01,3.22
2018-11-07,3.03,3.22
2018-11-08,3.05,3.24
2018-11-09,3.01,3.19
2018-11-12,,
2018-11-13,2.95,3.14
2018-11-14,2.92,3.12
2018-11-15,2.91,3.11
2018-11-16,2.85,3.08
2018-11-19,2.82,3.06
2018-11-20,2.83,3.06
2018-11-21,2.84,3.06
2018-11-22,,
2018-11-23,2.83,3.05
2018-11-26,2.86,3.07
2018-11-27,2.86,3.06
2018-11-28,2.84,3.06
2018-11-29,2.83,3.03
2018-11-30,2.83,3.01
2018-12-03,2.84,2.98
2018-12-04,2.81,2.91
2018-12-05,,
2018-12-06,2.76,2.87
2018-12-07,2.72,2.85
2018-12-10,2.73,2.85
2018-12-11,2.78,2.89
2018-12-12,2.78,2.91
2018-12-13,2.76,2.91
2018-12-14,2.72,2.89
2018-12-17,2.68,2.86
2018-12-18,2.64,2.82
2018-12-19,2.61,2.77
2018-12-20,2.65,2.79
2018-12-21,2.61,2.79
2018-12-24,2.56,2.74
2018-12-25,,
2018-12-26,2.6,2.81
2018-12-27,2.55,2.77
2018-12-28,2.5,2.72
2018-12-31,2.46,2.69
2019-01-01,,
2019-01-02,2.47,2.66
2019-01-03,2.35,2.56
2019-01-04,2.47,2.67
2019-01-07,2.51,2.7
2019-01-08,2.57,2.73
2019-01-09,2.54,2.74
2019-01-10,2.54,2.74
2019-01-11,2.51,2.71
2019-01-14,2.51,2.71
2019-01-15,2.51,2.72
2019-01-16,2.53,2.73
2019-01-17,2.55,2.75
2019-01-18,2.6,2.79
2019-01-21,,
2019-01-22,2.55,2.74
2019-01-23,2.57,2.76
2019-01-24,2.54,2.72
2019-01-25,2.58,2.76
2019-01-28,2.58,2.75
2019-01-29,2.54,2.72
2019-01-30,2.49,2.7
2019-01-31,2.43,2.63
2019-02-01,2.5,2.7
2019-02-04,2.52,2.73
2019-02-05,2.5,2.71
2019-02-06,2.5,2.7
2019-02-07,2.46,2.65
2019-02-08,2.43,2.63
2019-02-11,2.47,2.65
2019-02-12,2.48,2.68
2019-02-13,2.52,2.71
2019-02-14,2.48,2.66
2019-02-15,2.5,2.66
2019-02-18,,
2019-02-19,2.47,2.65
2019-02-20,2.47,2.65
2019-02-21,2.49,2.69
2019-02-22,2.46,2.65
2019-02-25,2.48,2.67
2019-02-26,2.44,2.64
2019-02-27,2.48,2.69
2019-02-28,2.5,2.73
2019-03-01,2.54,2.76
2019-03-04,2.52,2.72
2019-03-05,2.52,2.72
2019-03-06,2.49,2.69
2019-03-07,2.44,2.64
2019-03-08,2.43,2.62
2019-03-11,2.45,2.64
2019-03-12,2.41,2.61
2019-03-13,2.41,2.61
2019-03-14,2.42,2.63
2019-03-15,2.39,2.59
2019-03-18,2.41,2.6
2019-03-19,2.42,2.61
2019-03-20,2.34,2.54
2019-03-21,2.34,2.54
2019-03-22,2.24,2.44
2019-03-25,2.19,2.43
2019-03-26,2.18,2.41
2019-03-27,2.16,2.39
2019-03-28,2.18,2.39
2019-03-29,2.21,2.41
2019-04-01,2.29,2.49
2019-04-02,2.26,2.48
2019-04-03,2.29,2.52
2019-04-04,2.29,2.51
2019-04-05,2.3,2.5
2019-04-08,2.31,2.52
2019-04-09,2.31,2.51
2019-04-10,2.27,2.48
2019-04-11,2.3,2.51
2019-04-12,2.36,2.56
2019-04-15,2.36,2.55
2019-04-16,2.38,2.6
2019-04-17,2.37,2.59
2019-04-18,2.36,2.57
2019-04-19,,
2019-04-22,2.36,2.59
2019-04-23,2.34,2.57
2019-04-24,2.28,2.53
2019-04-25,2.29,2.54
2019-04-26,2.25,2.51
2019-04-29,2.27,2.54
2019-04-30,2.24,2.51
2019-05-01,2.28,2.52
2019-05-02,2.32,2.55
2019-05-03,2.3,2.54
2019-05-06,2.27,2.51
2019-05-07,2.24,2.45
2019-05-08,2.26,2.49
2019-05-09,2.22,2.45
2019-05-10,2.23,2.47
2019-05-13,2.15,2.4
2019-05-14,2.17,2.42
2019-05-15,2.12,2.37
2019-05-16,2.15,2.4
2019-05-17,2.15,2.39
2019-05-20,2.17,2.41
2019-05-21,2.2,2.43
2019-05-22,2.17,2.39
2019-05-23,2.08,2.31
2019-05-24,2.1,2.32
2019-05-27,,
2019-05-28,2.06,2.26
2019-05-29,2.04,2.25
2019-05-30,2.0,2.22
2019-05-31,1.9,2.14
2019-06-03,1.79,2.07
2019-06-04,1.84,2.12
2019-06-05,1.81,2.12
2019-06-06,1.85,2.12
2019-06-07,1.82,2.09
2019-06-10,1.87,2.15
2019-06-11,1.87,2.15
2019-06-12,1.83,2.13
2019-06-13,1.78,2.1
2019-06-14,1.79,2.09
2019-06-17,1.8,2.09
2019-06-18,1.8,2.06
2019-06-19,1.7,2.03
2019-06-20,1.69,2.01
2019-06-21,1.74,2.07
2019-06-24,1.69,2.02
2019-06-25,1.67,2.0
2019-06-26,1.74,2.05
2019-06-27,1.71,2.01
2019-06-28,1.71,2.0
2019-07-01,1.74,2.03
2019-07-02,1.71,1.98
2019-07-03,1.71,1.96
2019-07-04,,
2019-07-05,1.82,2.04
2019-07-08,1.84,2.05
2019-07-09,1.88,2.07
2019-07-10,1.79,2.07
2019-07-11,1.84,2.13
2019-07-12,1.81,2.12
2019-07-15,1.8,2.09
2019-07-16,1.84,2.13
2019-07-17,1.8,2.06
2019-07-18,1.74,2.04
2019-07-19,1.77,2.05
2019-07-22,1.77,2.05
2019-07-23,1.79,2.08
2019-07-24,1.79,2.05
2019-07-25,1.83,2.08
2019-07-26,1.83,2.08
2019-07-29,1.81,2.06
2019-07-30,1.82,2.06
2019-07-31,1.84,2.02
2019-08-01,1.67,1.9
2019-08-02,1.67,1.86
2019-08-05,1.55,1.75
2019-08-06,1.54,1.73
2019-08-07,1.51,1.71
2019-08-08,1.54,1.72
2019-08-09,1.58,1.74
2019-08-12,1.51,1.65
2019-08-13,1.6,1.68
2019-08-14,1.53,1.59
2019-08-15,1.44,1.52
2019-08-16,1.44,1.55
2019-08-19,1.49,1.6
2019-08-20,1.44,1.55
2019-08-21,1.5,1.59
2019-08-22,1.53,1.62
2019-08-23,1.43,1.52
2019-08-26,1.47,1.54
2019-08-27,1.43,1.49
2019-08-28,1.42,1.47
2019-08-29,1.44,1.5
2019-08-30,1.42,1.5
2019-09-02,,
2019-09-03,1.38,1.47
2019-09-04,1.36,1.47
2019-09-05,1.47,1.57
2019-09-06,1.46,1.55
2019-09-09,1.52,1.63
2019-09-10,1.61,1.72
2019-09-11,1.62,1.75
2019-09-12,1.67,1.79
2019-09-13,1.76,1.9
2019-09-16,1.71,1.84
2019-09-17,1.68,1.81
2019-09-18,1.72,1.8
2019-09-19,1.68,1.79
2019-09-20,1.63,1.74
2019-09-23,1.61,1.72
2019-09-24,1.53,1.64
2019-09-25,1.61,1.73
2019-09-26,1.61,1.7
2019-09-27,1.58,1.69
2019-09-30,1.56,1.68
2019-10-01,1.51,1.65
2019-10-02,1.43,1.6
2019-10-03,1.34,1.54
2019-10-04,1.35,1.52
2019-10-07,1.41,1.56
2019-10-08,1.38,1.54
2019-10-09,1.43,1.59
2019-10-10,1.49,1.67
2019-10-11,1.6,1.76
2019-10-14,,
2019-10-15,1.6,1.77
2019-10-16,1.57,1.75
2019-10-17,1.57,1.76
2019-10-18,1.56,1.76
2019-10-21,1.59,1.8
2019-10-22,1.59,1.78
2019-10-23,1.58,1.77
2019-10-24,1.58,1.77
2019-10-25,1.62,1.8
2019-10-28,1.65,1.85
2019-10-29,1.65,1.84
2019-10-30,1.6,1.78
2019-10-31,1.52,1.69
2019-11-01,1.55,1.73
2019-11-04,1.59,1.79
2019-11-05,1.63,1.86
2019-11-06,1.6,1.81
2019-11-07,1.7,1.92
2019-11-08,1.7,1.94
2019-11-11,,
2019-11-12,1.69,1.92
2019-11-13,1.65,1.88
2019-11-14,1.59,1.82
2019-11-15,1.61,1.84
2019-11-18,1.59,1.81
2019-11-19,1.59,1.79
2019-11-20,1.55,1.73
2019-11-21,1.59,1.77
2019-11-22,1.6,1.77
2019-11-25,1.6,1.76
2019-11-26,1.58,1.74
2019-11-27,1.61,1.77
2019-11-28,,
2019-11-29,1.61,1.78
2019-12-02,1.63,1.83
2019-12-03,1.54,1.72
2019-12-04,1.58,1.77
2019-12-05,1.6,1.8
2019-12-06,1.64,1.84
2019-12-09,1.63,1.83
2019-12-10,1.67,1.85
2019-12-11,1.62,1.79
2019-12-12,1.69,1.9
2019-12-13,1.62,1.82
2019-12-16,1.67,1.89
2019-12-17,1.66,1.89
2019-12-18,1.67,1.92
2019-12-19,1.65,1.92
2019-12-20,1.67,1.92
2019-12-23,1.67,1.93
2019-12-24,1.64,1.9
2019-12-25,,
2019-12-26,1.65,1.9
2019-12-27,1.6,1.88
2019-12-30,1.59,1.9
2019-12-31,1.62,1.92
2020-01-01,,
2020-01-02,1.59,1.88
2020-01-03,1.54,1.8
2020-01-06,1.56,1.81
2020-01-07,1.55,1.83
2020-01-08,1.61,1.87
2020-01-09,1.59,1.85
2020-01-10,1.59,1.83
2020-01-13,1.6,1.85
2020-01-14,1.59,1.82
2020-01-15,1.56,1.79
2020-01-16,1.58,1.81
2020-01-17,1.56,1.84
2020-01-20,,
2020-01-21,1.53,1.78
2020-01-22,1.52,1.77
2020-01-23,1.51,1.74
2020-01-24,1.48,1.7
2020-01-27,1.41,1.61
2020-01-28,1.45,1.65
2020-01-29,1.39,1.6
2020-01-30,1.37,1.57
2020-01-31,1.3,1.51
2020-02-03,1.34,1.54
2020-02-04,1.4,1.61
2020-02-05,1.43,1.66
2020-02-06,1.43,1.65
2020-02-07,1.39,1.59
2020-02-10,1.36,1.56
2020-02-11,1.39,1.59
2020-02-12,1.42,1.62
2020-02-13,1.42,1.61
2020-02-14,1.4,1.59
2020-02-17,,
2020-02-18,1.37,1.55
2020-02-19,1.39,1.56
2020-02-20,1.35,1.52
2020-02-21,1.3,1.46
2020-02-24,1.21,1.38
2020-02-25,1.16,1.33
2020-02-26,1.14,1.33
2020-02-27,1.08,1.3
2020-02-28,0.85,1.13
2020-03-02,0.85,1.1
2020-03-03,0.72,1.02
2020-03-04,0.68,1.02
2020-03-05,0.61,0.92
2020-03-06,0.53,0.74
2020-03-09,0.4,0.54
2020-03-10,0.58,0.76
2020-03-11,0.58,0.82
2020-03-12,0.58,0.88
2020-03-13,0.58,0.94
2020-03-16,0.43,0.73
2020-03-17,0.54,1.02
2020-03-18,0.66,1.18
2020-03-19,0.53,1.12
2020-03-20,0.41,0.92
2020-03-23,0.31,0.76
2020-03-24,0.44,0.84
2020-03-25,0.41,0.88
2020-03-26,0.36,0.83
2020-03-27,0.3,0.72
2020-03-30,0.29,0.7
2020-03-31,0.29,0.7
2020-04-01,0.28,0.62
2020-04-02,0.29,0.63
2020-04-03,0.3,0.62
2020-04-06,0.35,0.67
2020-04-07,0.36,0.75
2020-04-08,0.34,0.77
2020-04-09,0.29,0.73
2020-04-10,,
2020-04-13,0.31,0.76
2020-04-14,0.29,0.76
2020-04-15,0.24,0.63
2020-04-16,0.25,0.61
2020-04-17,0.26,0.65
2020-04-20,0.26,0.63
2020-04-21,0.24,0.58
2020-04-22,0.26,0.63
2020-04-23,0.26,0.61
2020-04-24,0.26,0.6
2020-04-27,0.29,0.67
2020-04-28,0.26,0.62
2020-04-29,0.24,0.63
2020-04-30,0.24,0.64
2020-05-01,0.25,0.64
2020-05-04,0.24,0.64
2020-05-05,0.24,0.66
2020-05-06,0.24,0.72
2020-05-07,0.19,0.63
2020-05-08,0.21,0.69
2020-05-11,0.24,0.73
2020-05-12,0.22,0.69
2020-05-13,0.2,0.64
2020-05-14,0.2,0.63
2020-05-15,0.19,0.64
2020-05-18,0.24,0.73
2020-05-19,0.22,0.7
2020-05-20,0.21,0.68
2020-05-21,0.21,0.68
2020-05-22,0.21,0.66
2020-05-25,,
2020-05-26,0.22,0.69
2020-05-27,0.22,0.68
2020-05-28,0.22,0.7
2020-05-29,0.19,0.65
2020-06-01,0.2,0.66
2020-06-02,0.2,0.68
2020-06-03,0.26,0.77
2020-06-04,0.26,0.82
2020-06-05,0.29,0.91
2020-06-08,0.29,0.88
2020-06-09,0.25,0.84
2020-06-10,0.22,0.75
2020-06-11,0.22,0.66
2020-06-12,0.22,0.71
2020-06-15,0.22,0.71
2020-06-16,0.23,0.75
2020-06-17,0.23,0.74
2020-06-18,0.22,0.71
2020-06-19,0.22,0.7
2020-06-22,0.22,0.71
2020-06-23,0.22,0.72
2020-06-24,0.21,0.69
2020-06-25,0.21,0.68
2020-06-26,0.19,0.64
2020-06-29,0.18,0.64
2020-06-30,0.18,0.66
2020-07-01,0.19,0.69
2020-07-02,0.19,0.68
2020-07-03,,
2020-07-06,0.19,0.69
2020-07-07,0.19,0.65
2020-07-08,0.19,0.67
2020-07-09,0.18,0.62
2020-07-10,0.19,0.65
2020-07-13,0.19,0.64
2020-07-14,0.19,0.63
2020-07-15,0.18,0.64
2020-07-16,0.17,0.62
2020-07-17,0.18,0.64
2020-07-20,0.18,0.62
2020-07-21,0.17,0.61
2020-07-22,0.17,0.6
2020-07-23,0.16,0.59
2020-07-24,0.17,0.59
2020-07-27,0.18,0.62
2020-07-28,0.16,0.59
2020-07-29,0.15,0.58
2020-07-30,0.14,0.55
2020-07-31,0.11,0.55
2020-08-03,0.13,0.56
2020-08-04,0.1,0.52
2020-08-05,0.13,0.55
2020-08-06,0.13,0.55
2020-08-07,0.14,0.57
2020-08-10,0.15,0.59
2020-08-11,0.18,0.64
2020-08-12,0.19,0.69
2020-08-13,0.19,0.71
2020-08-14,0.18,0.71
2020-08-17,0.18,0.69
2020-08-18,0.17,0.67
2020-08-19,0.17,0.68
2020-08-20,0.15,0.65
2020-08-21,0.16,0.64
2020-08-24,0.18,0.65
2020-08-25,0.18,0.69
2020-08-26,0.18,0.69
2020-08-27,0.19,0.74
2020-08-28,0.16,0.74
2020-08-31,0.15,0.72
2020-09-01,0.14,0.68
2020-09-02,0.16,0.66
2020-09-03,0.15,0.63
2020-09-04,0.18,0.72
2020-09-07,,
2020-09-08,0.17,0.69
2020-09-09,0.17,0.71
2020-09-10,0.17,0.68
2020-09-11,0.16,0.67
2020-09-14,0.16,0.68
2020-09-15,0.16,0.68
2020-09-16,0.16,0.69
2020-09-17,0.16,0.69
2020-09-18,0.16,0.7
2020-09-21,0.16,0.68
2020-09-22,0.15,0.68
2020-09-23,0.15,0.68
2020-09-24,0.16,0.67
2020-09-25,0.15,0.66
2020-09-28,0.16,0.67
2020-09-29,0.13,0.66
2020-09-30,0.16,0.69
2020-10-01,0.16,0.68
2020-10-02,0.16,0.7
2020-10-05,0.19,0.78
2020-10-06,0.17,0.76
2020-10-07,0.21,0.81
2020-10-08,0.18,0.78
2020-10-09,0.2,0.79
2020-10-12,,
2020-10-13,0.18,0.74
2020-10-14,0.18,0.73
2020-10-15,0.18,0.74
2020-10-16,0.18,0.76
2020-10-19,0.19,0.78
2020-10-20,0.19,0.81
2020-10-21,0.2,0.83
2020-10-22,0.21,0.87
2020-10-23,0.21,0.85
2020-10-26,0.18,0.81
2020-10-27,0.19,0.79
2020-10-28,0.19,0.79
2020-10-29,0.2,0.85
2020-10-30,0.19,0.88
2020-11-02,0.2,0.87
2020-11-03,0.21,0.9
2020-11-04,0.18,0.78
2020-11-05,0.18,0.79
2020-11-06,0.21,0.83
2020-11-09,0.25,0.96
2020-11-10,0.26,0.98
2020-11-11,,
2020-11-12,0.23,0.88
2020-11-13,0.23,0.89
2020-11-16,0.24,0.91
2020-11-17,0.22,0.87
2020-11-18,0.22,0.88
2020-11-19,0.22,0.86
2020-11-20,0.21,0.83
2020-11-23,0.22,0.86
2020-11-24,0.22,0.88
2020-11-25,0.21,0.88
2020-11-26,,
2020-11-27,0.2,0.84
2020-11-30,0.19,0.84
2020-12-01,0.22,0.92
2020-12-02,0.22,0.95
2020-12-03,0.21,0.92
2020-12-04,0.21,0.97
2020-12-07,0.2,0.94
2020-12-08,0.2,0.92
2020-12-09,0.21,0.95
2020-12-10,0.2,0.92
2020-12-11,0.18,0.9
2020-12-14,0.17,0.9
2020-12-15,0.18,0.92
2020-12-16,0.18,0.92
2020-12-17,0.19,0.94
2020-12-18,0.19,0.95
2020-12-21,0.18,0.95
2020-12-22,0.17,0.93
2020-12-23,0.18,0.96
2020-12-24,0.17,0.94
2020-12-25,,
2020-12-28,0.17,0.94
2020-12-29,0.17,0.94
2020-12-30,0.17,0.93
2020-12-31,0.17,0.93
2021-01-01,,
2021-01-04,0.16,0.93
2021-01-05,0.17,0.96
2021-01-06,0.2,1.04
2021-01-07,0.22,1.08
2021-01-08,0.24,1.13
2021-01-11,0.22,1.15
2021-01-12,0.23,1.15
2021-01-13,0.22,1.1
2021-01-14,0.23,1.15
2021-01-15,0.2,1.11
2021-01-18,,
2021-01-19,0.21,1.1
2021-01-20,0.19,1.1
2021-01-21,0.19,1.12
2021-01-22,0.19,1.1
2021-01-25,0.17,1.05
2021-01-26,0.18,1.05
2021-01-27,0.18,1.04
2021-01-28,0.18,1.07
2021-01-29,0.19,1.11
2021-02-01,0.17,1.09
2021-02-02,0.18,1.12
2021-02-03,0.19,1.15
2021-02-04,0.18,1.15
2021-02-05,0.19,1.19
2021-02-08,0.2,1.19
2021-02-09,0.19,1.18
2021-02-10,0.19,1.15
2021-02-11,0.19,1.16
2021-02-12,0.2,1.2
2021-02-15,,
2021-02-16,0.23,1.3
2021-02-17,0.21,1.29
2021-02-18,0.21,1.29
2021-02-19,0.22,1.34
2021-02-22,0.22,1.37
2021-02-23,0.22,1.37
2021-02-24,0.24,1.38
2021-02-25,0.34,1.54
2021-02-26,0.3,1.44
2021-03-01,0.27,1.45
2021-03-02,0.26,1.42
2021-03-03,0.29,1.47
2021-03-04,0.32,1.54
2021-03-05,0.32,1.56
2021-03-08,0.34,1.59
2021-03-09,0.35,1.55
2021-03-10,0.32,1.53
2021-03-11,0.31,1.54
2021-03-12,0.34,1.64
2021-03-15,0.33,1.62
2021-03-16,0.33,1.62
2021-03-17,0.29,1.63
2021-03-18,0.33,1.71
2021-03-19,0.33,1.74
2021-03-22,0.32,1.69
2021-03-23,0.31,1.63
2021-03-24,0.31,1.62
2021-03-25,0.3,1.63
2021-03-26,0.31,1.67
2021-03-29,0.32,1.73
2021-03-30,0.33,1.73
2021-03-31,0.35,1.74
2021-04-01,0.35,1.69
2021-04-02,0.39,1.72
2021-04-05,0.37,1.73
2021-04-06,0.35,1.67
2021-04-07,0.34,1.68
2021-04-08,0.33,1.64
2021-04-09,0.35,1.67
2021-04-12,0.38,1.69
2021-04-13,0.35,1.64
2021-04-14,0.35,1.64
2021-04-15,0.32,1.56
2021-04-16,0.34,1.59
2021-04-19,0.34,1.61
2021-04-20,0.31,1.58
2021-04-21,0.32,1.57
2021-04-22,0.32,1.57
2021-04-23,0.34,1.58
2021-04-26,0.35,1.58
2021-04-27,0.36,1.63
2021-04-28,0.35,1.63
2021-04-29,0.35,1.65
2021-04-30,0.35,1.65
2021-05-03,0.33,1.63
2021-05-04,0.33,1.61
2021-05-05,0.32,1.59
2021-05-06,0.32,1.58
2021-05-07,0.29,1.6
2021-05-10,0.32,1.63
2021-05-11,0.31,1.64
2021-05-12,0.35,1.69
2021-05-13,0.33,1.66
2021-05-14,0.33,1.63
2021-05-17,0.34,1.64
2021-05-18,0.34,1.64
2021-05-19,0.35,1.68
2021-05-20,0.34,1.63
2021-05-21,0.34,1.63
2021-05-24,0.32,1.61
2021-05-25,0.3,1.56
2021-05-26,0.31,1.58
2021-05-27,0.31,1.61
2021-05-28,0.3,1.58
2021-05-31,,
2021-06-01,0.31,1.62
2021-06-02,0.3,1.59
2021-06-03,0.34,1.63
2021-06-04,0.32,1.56
2021-06-07,0.33,1.57
2021-06-08,0.32,1.53
2021-06-09,0.31,1.5
2021-06-10,0.3,1.45
2021-06-11,0.31,1.47
2021-06-14,0.33,1.51
2021-06-15,0.34,1.51
2021-06-16,0.41,1.57
2021-06-17,0.43,1.52
2021-06-18,0.47,1.45
2021-06-21,0.48,1.5
2021-06-22,0.44,1.48
2021-06-23,0.47,1.5
2021-06-24,0.48,1.49
2021-06-25,0.48,1.54
2021-06-28,0.47,1.49
2021-06-29,0.47,1.49
2021-06-30,0.46,1.45
2021-07-01,0.47,1.48
2021-07-02,0.45,1.44
2021-07-05,,
2021-07-06,0.42,1.37
2021-07-07,0.41,1.33
2021-07-08,0.37,1.3
2021-07-09,0.41,1.37
2021-07-12,0.43,1.38
2021-07-13,0.47,1.42
2021-07-14,0.44,1.37
2021-07-15,0.43,1.31
2021-07-16,0.43,1.31
2021-07-19,0.38,1.19
2021-07-20,0.37,1.23
2021-07-21,0.39,1.3
2021-07-22,0.37,1.27
2021-07-23,0.38,1.3
2021-07-26,0.38,1.29
2021-07-27,0.37,1.25
2021-07-28,0.38,1.26
2021-07-29,0.37,1.28
2021-07-30,0.35,1.24
2021-08-02,0.33,1.2
2021-08-03,0.33,1.19
2021-08-04,0.34,1.19
2021-08-05,0.38,1.23
2021-08-06,0.42,1.31
2021-08-09,0.43,1.33
2021-08-10,0.47,1.36
2021-08-11,0.45,1.35
2021-08-12,0.46,1.36
2021-08-13,0.44,1.29
2021-08-16,0.42,1.26
2021-08-17,0.43,1.26
2021-08-18,0.43,1.27
2021-08-19,0.44,1.24
2021-08-20,0.44,1.26
2021-08-23,0.43,1.25
2021-08-24,0.44,1.29
2021-08-25,0.47,1.35
2021-08-26,0.46,1.34
2021-08-27,0.41,1.31
2021-08-30,0.4,1.29
2021-08-31,0.4,1.3
2021-09-01,0.42,1.31
2021-09-02,0.42,1.29
2021-09-03,0.42,1.33
2021-09-06,,
2021-09-07,0.45,1.38
2021-09-08,0.43,1.35
2021-09-09,0.43,1.3
2021-09-10,0.45,1.35
2021-09-13,0.44,1.33
2021-09-14,0.43,1.28
2021-09-15,0.43,1.31
2021-09-16,0.46,1.34
2021-09-17,0.47,1.37
2021-09-20,0.45,1.31
2021-09-21,0.46,1.33
2021-09-22,0.48,1.32
2021-09-23,0.53,1.41
2021-09-24,0.55,1.47
2021-09-27,0.56,1.48
2021-09-28,0.55,1.54
2021-09-29,0.55,1.55
2021-09-30,0.53,1.52
2021-10-01,0.49,1.48
2021-10-04,0.52,1.49
2021-10-05,0.54,1.54
2021-10-06,0.55,1.53
2021-10-07,0.57,1.58
2021-10-08,0.59,1.61
2021-10-11,,
2021-10-12,0.64,1.59
2021-10-13,0.66,1.56
2021-10-14,0.62,1.52
2021-10-15,0.7,1.59
2021-10-18,0.72,1.59
2021-10-19,0.71,1.65
2021-10-20,0.7,1.65
2021-10-21,0.78,1.68
2021-10-22,0.79,1.66
2021-10-25,0.76,1.64
2021-10-26,0.77,1.63
2021-10-27,0.77,1.54
2021-10-28,0.77,1.57
2021-10-29,0.75,1.55
2021-11-01,0.79,1.58
2021-11-02,0.73,1.56
2021-11-03,0.77,1.6
2021-11-04,0.69,1.53
2021-11-05,0.66,1.45
2021-11-08,0.75,1.51
2021-11-09,0.71,1.46
2021-11-10,0.83,1.56
2021-11-11,,
2021-11-12,0.85,1.58
2021-11-15,0.87,1.63
2021-11-16,0.87,1.63
2021-11-17,0.85,1.6
2021-11-18,0.84,1.59
2021-11-19,0.86,1.54
2021-11-22,0.95,1.63
2021-11-23,0.95,1.67
2021-11-24,0.97,1.64
2021-11-25,,
2021-11-26,0.81,1.48
2021-11-29,0.83,1.52
2021-11-30,0.81,1.43
2021-12-01,0.85,1.43
2021-12-02,0.9,1.44
2021-12-03,0.86,1.35
2021-12-06,0.91,1.43
2021-12-07,0.99,1.48
2021-12-08,0.99,1.52
2021-12-09,0.99,1.49
2021-12-10,0.98,1.48
2021-12-13,0.95,1.42
2021-12-14,0.98,1.44
2021-12-15,1.0,1.47
2021-12-16,0.92,1.44
2021-12-17,0.93,1.41
2021-12-20,0.91,1.43
2021-12-21,0.96,1.48
2021-12-22,0.96,1.46
2021-12-23,0.97,1.5
2021-12-24,,
2021-12-27,0.98,1.48
2021-12-28,0.99,1.49
2021-12-29,0.99,1.55
2021-12-30,0.98,1.52
2021-12-31,0.97,1.52
2022-01-03,1.04,1.63
2022-01-04,1.02,1.66
2022-01-05,1.1,1.71
2022-01-06,1.15,1.73
2022-01-07,1.17,1.76
2022-01-10,1.21,1.78
2022-01-11,1.22,1.75
2022-01-12,1.21,1.74
2022-01-13,1.18,1.7
2022-01-14,1.26,1.78
2022-01-17,,
2022-01-18,1.35,1.87
2022-01-19,1.33,1.83
2022-01-20,1.34,1.83
2022-01-21,1.28,1.75
2022-01-24,1.25,1.75
2022-01-25,1.28,1.78
2022-01-26,1.39,1.85
2022-01-27,1.43,1.81
2022-01-28,1.38,1.78
2022-01-31,1.39,1.79
2022-02-01,1.39,1.81
2022-02-02,1.38,1.78
2022-02-03,1.42,1.82
2022-02-04,1.55,1.93
2022-02-07,1.54,1.92
2022-02-08,1.59,1.96
2022-02-09,1.61,1.94
2022-02-10,1.82,2.03
2022-02-11,1.71,1.92
2022-02-14,1.8,1.98
2022-02-15,1.8,2.05
2022-02-16,1.75,2.03
2022-02-17,1.7,1.97
2022-02-18,1.68,1.92
2022-02-21,,
2022-02-22,1.74,1.94
2022-02-23,1.78,1.99
2022-02-24,1.73,1.96
2022-02-25,1.76,1.97
2022-02-28,1.62,1.83
2022-03-01,1.47,1.72
2022-03-02,1.67,1.86
2022-03-03,1.69,1.86
2022-03-04,1.62,1.74
2022-03-07,1.68,1.78
2022-03-08,1.78,1.86
2022-03-09,1.83,1.94
2022-03-10,1.88,1.98
2022-03-11,1.91,2.0
2022-03-14,2.04,2.14
2022-03-15,2.04,2.15
2022-03-16,2.14,2.19
2022-03-17,2.14,2.2
2022-03-18,2.15,2.14
2022-03-21,2.34,2.32
2022-03-22,2.38,2.38
2022-03-23,2.32,2.32
2022-03-24,2.35,2.34
2022-03-25,2.51,2.48
2022-03-28,2.55,2.46
2022-03-29,2.54,2.41
2022-03-30,2.49,2.35
2022-03-31,2.45,2.32
2022-04-01,2.61,2.39
2022-04-04,2.61,2.42
2022-04-05,2.69,2.54
2022-04-06,2.67,2.61
2022-04-07,2.66,2.66
2022-04-08,2.73,2.72
2022-04-11,2.73,2.79
2022-04-12,2.58,2.72
2022-04-13,2.57,2.7
2022-04-14,2.67,2.83
2022-04-15,,
2022-04-18,2.68,2.85
2022-04-19,2.81,2.93
2022-04-20,2.79,2.85
2022-04-21,2.87,2.9
2022-04-22,2.88,2.9
2022-04-25,2.79,2.81
2022-04-26,2.72,2.77
2022-04-27,2.75,2.82
2022-04-28,2.8,2.85
2022-04-29,2.87,2.89
2022-05-02,2.93,2.99
2022-05-03,2.95,2.97
2022-05-04,2.85,2.93
2022-05-05,2.91,3.05
2022-05-06,2.94,3.12
2022-05-09,2.81,3.05
2022-05-10,2.81,2.99
2022-05-11,2.81,2.91
2022-05-12,2.73,2.84
2022-05-13,2.79,2.93
2022-05-16,2.75,2.88
2022-05-17,2.89,2.98
2022-05-18,2.84,2.89
2022-05-19,2.78,2.84
2022-05-20,2.73,2.78
2022-05-23,2.8,2.86
2022-05-24,2.66,2.76
2022-05-25,2.63,2.75
2022-05-26,2.63,2.75
2022-05-27,2.64,2.74
2022-05-30,,
2022-05-31,2.71,2.85
2022-06-01,2.84,2.94
2022-06-02,2.83,2.92
2022-06-03,2.87,2.96
2022-06-06,2.94,3.04
2022-06-07,2.91,2.98
2022-06-08,2.94,3.03
2022-06-09,2.99,3.04
2022-06-10,3.21,3.15
2022-06-13,3.56,3.43
2022-06-14,3.6,3.49
2022-06-15,3.35,3.33
2022-06-16,3.33,3.28
2022-06-17,3.35,3.25
2022-06-20,,
2022-06-21,3.35,3.31
2022-06-22,3.2,3.16
2022-06-23,3.12,3.09
2022-06-24,3.13,3.13
2022-06-27,3.21,3.2
2022-06-28,3.21,3.2
2022-06-29,3.13,3.1
2022-06-30,2.99,2.98
2022-07-01,2.85,2.88
2022-07-04,,
2022-07-05,2.82,2.82
2022-07-06,2.99,2.93
2022-07-07,3.05,3.01
2022-07-08,3.14,3.09
2022-07-11,3.09,2.99
2022-07-12,3.07,2.96
2022-07-13,3.14,2.91
2022-07-14,3.16,2.96
2022-07-15,3.14,2.93
2022-07-18,3.15,2.96
2022-07-19,3.22,3.01
2022-07-20,3.25,3.04
2022-07-21,3.07,2.91
2022-07-22,2.93,2.77
2022-07-25,2.98,2.81
2022-07-26,3.01,2.81
2022-07-27,2.93,2.78
2022-07-28,2.81,2.68
2022-07-29,2.83,2.67
2022-08-01,2.82,2.6
2022-08-02,3.02,2.75
2022-08-03,3.04,2.73
2022-08-04,2.95,2.68
2022-08-05,3.18,2.83
2022-08-08,3.14,2.77
2022-08-09,3.2,2.8
2022-08-10,3.13,2.78
2022-08-11,3.16,2.87
2022-08-12,3.18,2.84
2022-08-15,3.14,2.79
2022-08-16,3.19,2.82
2022-08-17,3.27,2.89
2022-08-18,3.23,2.88
2022-08-19,3.28,2.98
2022-08-22,3.36,3.03
2022-08-23,3.35,3.05
2022-08-24,3.4,3.11
2022-08-25,3.37,3.03
2022-08-26,3.4,3.04
2022-08-29,3.45,3.12
2022-08-30,3.47,3.11
2022-08-31,3.46,3.15
2022-09-01,3.54,3.26
2022-09-02,3.44,3.2
2022-09-05,,
2022-09-06,3.55,3.33
2022-09-07,3.5,3.27
2022-09-08,3.54,3.29
2022-09-09,3.61,3.33
2022-09-12,3.6,3.37
2022-09-13,3.75,3.42
2022-09-14,3.79,3.41
2022-09-15,3.85,3.45
2022-09-16,3.81,3.45
2022-09-19,3.9,3.49
2022-09-20,3.94,3.57
2022-09-21,3.98,3.51
2022-09-22,4.12,3.7
2022-09-23,4.21,3.69
2022-09-26,4.37,3.88
2022-09-27,4.39,3.97
2022-09-28,4.12,3.72
2022-09-29,4.19,3.76
2022-09-30,4.25,3.83
2022-10-03,4.12,3.67
2022-10-04,4.08,3.62
2022-10-05,4.17,3.76
2022-10-06,4.24,3.83
2022-10-07,4.33,3.89
2022-10-10,,
2022-10-11,4.31,3.93
2022-10-12,4.29,3.91
2022-10-13,4.44,3.97
2022-10-14,4.47,4.0
2022-10-17,4.45,4.02
2022-10-18,4.43,4.01
2022-10-19,4.56,4.14
2022-10-20,4.66,4.24
2022-10-21,4.52,4.21
2022-10-24,4.52,4.25
2022-10-25,4.45,4.1
2022-10-26,4.41,4.04
2022-10-27,4.29,3.96
2022-10-28,4.38,4.02
2022-10-31,4.45,4.1
2022-11-01,4.48,4.07
2022-11-02,4.54,4.1
2022-11-03,4.63,4.14
2022-11-04,4.58,4.17
2022-11-07,4.63,4.22
2022-11-08,4.55,4.14
2022-11-09,4.49,4.12
2022-11-10,4.17,3.82
2022-11-11,,
2022-11-14,4.24,3.88
2022-11-15,4.17,3.8
2022-11-16,4.13,3.67
2022-11-17,4.22,3.77
2022-11-18,4.28,3.82
2022-11-21,4.32,3.83
2022-11-22,4.27,3.76
2022-11-23,4.23,3.71
2022-11-24,,
2022-11-25,4.2,3.68
2022-11-28,4.22,3.69
2022-11-29,4.24,3.75
2022-11-30,4.13,3.68
2022-12-01,3.98,3.53
2022-12-02,3.99,3.51
2022-12-05,4.13,3.6
2022-12-06,4.07,3.51
2022-12-07,3.97,3.42
2022-12-08,4.04,3.48
2022-12-09,4.07,3.57
2022-12-12,4.1,3.61
2022-12-13,3.96,3.51
2022-12-14,3.94,3.49
2022-12-15,3.96,3.44
2022-12-16,3.91,3.48
2022-12-19,3.99,3.57
2022-12-20,4.03,3.69
2022-12-21,4.0,3.68
2022-12-22,4.02,3.67
2022-12-23,4.09,3.75
2022-12-26,,
2022-12-27,4.17,3.84
2022-12-28,4.18,3.88
2022-12-29,4.16,3.83
2022-12-30,4.22,3.88
2023-01-02,,
2023-01-03,4.18,3.79
2023-01-04,4.11,3.69
2023-01-05,4.18,3.71
2023-01-06,3.96,3.55
2023-01-09,3.93,3.53
2023-01-10,3.94,3.61
2023-01-11,3.9,3.54
2023-01-12,3.79,3.43
2023-01-13,3.88,3.49
2023-01-16,,
2023-01-17,3.86,3.53
2023-01-18,3.72,3.37
2023-01-19,3.76,3.39
2023-01-20,3.83,3.48
2023-01-23,3.88,3.52
2023-01-24,3.86,3.46
2023-01-25,3.84,3.46
2023-01-26,3.88,3.49
2023-01-27,3.9,3.52
2023-01-30,3.96,3.55
2023-01-31,3.9,3.52
2023-02-01,3.75,3.39
2023-02-02,3.75,3.4
2023-02-03,3.96,3.53
2023-02-06,4.1,3.63
2023-02-07,4.11,3.67
2023-02-08,4.08,3.63
2023-02-09,4.15,3.67
2023-02-10,4.19,3.74
2023-02-13,4.22,3.72
2023-02-14,4.32,3.77
2023-02-15,4.35,3.81
2023-02-16,4.35,3.86
2023-02-17,4.33,3.82
2023-02-20,,
2023-02-21,4.44,3.95
2023-02-22,4.43,3.93
2023-02-23,4.4,3.88
2023-02-24,4.52,3.95
2023-02-27,4.49,3.92
2023-02-28,4.51,3.92
2023-03-01,4.61,4.01
2023-03-02,4.63,4.08
2023-03-03,4.6,3.97
2023-03-06,4.61,3.98
2023-03-07,4.66,3.97
2023-03-08,4.71,3.98
2023-03-09,4.56,3.93
2023-03-10,4.31,3.7
2023-03-13,3.88,3.55
2023-03-14,4.05,3.64
2023-03-15,3.83,3.51
2023-03-16,3.99,3.56
2023-03-17,3.68,3.39
2023-03-20,3.77,3.47
2023-03-21,3.98,3.59
2023-03-22,3.76,3.48
2023-03-23,3.57,3.38
2023-03-24,3.58,3.38
2023-03-27,3.79,3.53
2023-03-28,3.84,3.55
2023-03-29,3.87,3.57
2023-03-30,3.87,3.55
2023-03-31,3.81,3.48
2023-04-03,3.73,3.43
2023-04-04,3.6,3.35
2023-04-05,3.55,3.3
2023-04-06,3.59,3.3
2023-04-07,3.72,3.39
2023-04-10,3.75,3.41
2023-04-11,3.76,3.43
2023-04-12,3.68,3.41
2023-04-13,3.7,3.45
2023-04-14,3.83,3.52
2023-04-17,3.92,3.6
2023-04-18,3.92,3.58
2023-04-19,3.97,3.6
2023-04-20,3.87,3.54
2023-04-21,3.89,3.57
2023-04-24,3.84,3.52
2023-04-25,3.62,3.4
2023-04-26,3.65,3.43
2023-04-27,3.82,3.53
2023-04-28,3.75,3.44
2023-05-01,3.85,3.59
2023-05-02,3.67,3.44
2023-05-03,3.58,3.38
2023-05-04,3.47,3.37
2023-05-05,3.63,3.44
2023-05-08,3.7,3.52
2023-05-09,3.67,3.53
2023-05-10,3.55,3.43
2023-05-11,3.56,3.39
2023-05-12,3.65,3.46
2023-05-15,3.67,3.5
2023-05-16,3.74,3.54
2023-05-17,3.8,3.57
2023-05-18,3.94,3.65
2023-05-19,3.98,3.7
2023-05-22,3.98,3.72
2023-05-23,3.99,3.7
2023-05-24,4.04,3.73
2023-05-25,4.21,3.83
2023-05-26,4.23,3.8
2023-05-29,,
2023-05-30,4.1,3.69
2023-05-31,4.04,3.64
2023-06-01,3.98,3.61
2023-06-02,4.13,3.69
2023-06-05,4.1,3.69
2023-06-06,4.15,3.7
2023-06-07,4.21,3.79
2023-06-08,4.17,3.73
2023-06-09,4.23,3.75
2023-06-12,4.16,3.73
2023-06-13,4.3,3.84
2023-06-14,4.37,3.83
2023-06-15,4.23,3.72
2023-06-16,4.32,3.77
2023-06-19,,
2023-06-20,4.29,3.74
2023-06-21,4.29,3.72
2023-06-22,4.37,3.8
2023-06-23,4.32,3.74
2023-06-26,4.3,3.72
2023-06-27,4.38,3.77
2023-06-28,4.32,3.71
2023-06-29,4.49,3.85
2023-06-30,4.49,3.81
2023-07-03,4.56,3.86
2023-07-04,,
2023-07-05,4.59,3.95
2023-07-06,4.68,4.05
2023-07-07,4.64,4.06
2023-07-10,4.54,4.01
2023-07-11,4.52,3.99
2023-07-12,4.36,3.86
2023-07-13,4.21,3.76
2023-07-14,4.35,3.83
2023-07-17,4.34,3.81
2023-07-18,4.35,3.8
2023-07-19,4.34,3.75
2023-07-20,4.43,3.85
2023-07-21,4.44,3.84
2023-07-24,4.48,3.86
2023-07-25,4.53,3.91
2023-07-26,4.47,3.86
2023-07-27,4.58,4.01
2023-07-28,4.52,3.96
2023-07-31,4.51,3.97
2023-08-01,4.57,4.05
2023-08-02,4.54,4.08
2023-08-03,4.58,4.2
2023-08-04,4.45,4.05
2023-08-07,4.44,4.09
2023-08-08,4.36,4.02
2023-08-09,4.41,4.0
2023-08-10,4.47,4.09
2023-08-11,4.56,4.16
2023-08-14,4.64,4.19
2023-08-15,4.64,4.21
2023-08-16,4.68,4.28
2023-08-17,4.67,4.3
2023-08-18,4.63,4.26
2023-08-21,4.7,4.34
2023-08-22,4.75,4.34
2023-08-23,4.64,4.19
2023-08-24,4.69,4.23
2023-08-25,4.72,4.25
2023-08-28,4.69,4.2
2023-08-29,4.56,4.12
2023-08-30,4.57,4.12
2023-08-31,4.54,4.09
2023-09-01,4.57,4.18
2023-09-04,,
2023-09-05,4.65,4.27
2023-09-06,4.73,4.3
2023-09-07,4.66,4.27
2023-09-08,4.68,4.26
2023-09-11,4.64,4.29
2023-09-12,4.66,4.27
2023-09-13,4.64,4.25
2023-09-14,4.68,4.29
2023-09-15,4.72,4.33
2023-09-18,4.74,4.32
2023-09-19,4.79,4.37
2023-09-20,4.82,4.35
2023-09-21,4.85,4.49
2023-09-22,4.8,4.44
2023-09-25,4.83,4.55
2023-09-26,4.84,4.56
2023-09-27,4.89,4.61
2023-09-28,4.83,4.59
2023-09-29,4.8,4.59
2023-10-02,4.88,4.69
2023-10-03,4.95,4.81
2023-10-04,4.85,4.73
2023-10-05,4.82,4.72
2023-10-06,4.87,4.78
2023-10-09,,
2023-10-10,4.74,4.66
2023-10-11,4.73,4.58
2023-10-12,4.82,4.7
2023-10-13,4.8,4.63
2023-10-16,4.87,4.71
2023-10-17,5.01,4.83
2023-10-18,5.03,4.91
2023-10-19,5.01,4.98
2023-10-20,4.93,4.93
2023-10-23,4.89,4.86
2023-10-24,4.91,4.83
2023-10-25,4.98,4.95
2023-10-26,4.89,4.86
2023-10-27,4.84,4.84
2023-10-30,4.87,4.88
2023-10-31,4.9,4.88
2023-11-01,4.76,4.77
2023-11-02,4.78,4.67
2023-11-03,4.62,4.57
2023-11-06,4.72,4.67
2023-11-07,4.64,4.58
2023-11-08,4.65,4.49
2023-11-09,4.77,4.62
2023-11-10,4.8,4.61
2023-11-13,4.8,4.63
2023-11-14,4.56,4.44
2023-11-15,4.68,4.53
2023-11-16,4.59,4.45
2023-11-17,4.64,4.44
2023-11-20,4.62,4.42
2023-11-21,4.6,4.41
2023-11-22,4.62,4.42
2023-11-23,,
2023-11-24,4.67,4.47
2023-11-27,4.6,4.39
2023-11-28,4.49,4.34
2023-11-29,4.4,4.27
2023-11-30,4.48,4.37
2023-12-01,4.31,4.22
2023-12-04,4.4,4.28
2023-12-05,4.33,4.18
2023-12-06,4.33,4.12
2023-12-07,4.31,4.14
2023-12-08,4.45,4.23
2023-12-11,4.42,4.23
2023-12-12,4.42,4.2
2023-12-13,4.18,4.04
2023-12-14,4.09,3.92
2023-12-15,4.13,3.91
2023-12-18,4.15,3.95
2023-12-19,4.15,3.93
2023-12-20,4.06,3.86
2023-12-21,4.06,3.89
2023-12-22,4.04,3.9
2023-12-25,,
2023-12-26,4.05,3.89
2023-12-27,3.97,3.79
2023-12-28,4.02,3.84
2023-12-29,4.01,3.88
2024-01-01,,
2024-01-02,4.09,3.95
2024-01-03,4.07,3.91
2024-01-04,4.14,3.99
2024-01-05,4.17,4.05
2024-01-08,4.11,4.01
2024-01-09,4.09,4.02
2024-01-10,4.1,4.04
2024-01-11,4.02,3.98
2024-01-12,3.92,3.96
2024-01-15,,
2024-01-16,4.02,4.07
2024-01-17,4.12,4.1
2024-01-18,4.13,4.14
2024-01-19,4.18,4.15
2024-01-22,4.14,4.11
2024-01-23,4.16,4.14
2024-01-24,4.19,4.18
2024-01-25,4.12,4.14
2024-01-26,4.15,4.15
2024-01-29,4.1,4.08
2024-01-30,4.14,4.06
2024-01-31,4.05,3.99
2024-02-01,3.96,3.87
2024-02-02,4.14,4.03
2024-02-05,4.27,4.17
2024-02-06,4.14,4.09
2024-02-07,4.16,4.09
2024-02-08,4.22,4.15
2024-02-09,4.25,4.17
2024-02-12,4.25,4.17
2024-02-13,4.44,4.31
2024-02-14,4.38,4.27
2024-02-15,4.36,4.24
2024-02-16,4.43,4.3
2024-02-19,,
2024-02-20,4.38,4.27
2024-02-21,4.43,4.32
2024-02-22,4.49,4.33
2024-02-23,4.45,4.26
2024-02-26,4.48,4.28
2024-02-27,4.5,4.31
2024-02-28,4.44,4.27
2024-02-29,4.43,4.25
2024-03-01,4.32,4.19
2024-03-04,4.39,4.22
2024-03-05,4.32,4.13
2024-03-06,4.32,4.11
2024-03-07,4.28,4.09
2024-03-08,4.25,4.09
2024-03-11,4.26,4.1
2024-03-12,4.33,4.16
2024-03-13,4.37,4.19
2024-03-14,4.46,4.29
2024-03-15,4.51,4.31
2024-03-18,4.52,4.34
2024-03-19,4.47,4.3
2024-03-20,4.41,4.27
2024-03-21,4.42,4.27
2024-03-22,4.36,4.22
2024-03-25,4.39,4.25
2024-03-26,4.38,4.24
2024-03-27,4.36,4.2
2024-03-28,4.4,4.2
2024-03-29,,
2024-04-01,4.51,4.33
2024-04-02,4.51,4.36
2024-04-03,4.48,4.36
2024-04-04,4.46,4.31
2024-04-05,4.54,4.39
2024-04-08,4.6,4.42
2024-04-09,4.52,4.36
2024-04-10,4.77,4.55
2024-04-11,4.77,4.56
2024-04-12,4.7,4.5
2024-04-15,4.78,4.63
2024-04-16,4.83,4.67
2024-04-17,4.77,4.59
2024-04-18,4.83,4.64
2024-04-19,4.81,4.62
2024-04-22,4.81,4.62
2024-04-23,4.76,4.61
2024-04-24,4.78,4.65
2024-04-25,4.85,4.7
2024-04-26,4.84,4.67
2024-04-29,4.8,4.63
2024-04-30,4.87,4.69
2024-05-01,4.79,4.63
2024-05-02,4.71,4.58
2024-05-03,4.63,4.5
2024-05-06,4.64,4.49
2024-05-07,4.6,4.47
2024-05-08,4.63,4.48
2024-05-09,4.6,4.45
2024-05-10,4.65,4.5
2024-05-13,4.66,4.48
2024-05-14,4.62,4.45
2024-05-15,4.51,4.36
2024-05-16,4.58,4.38
2024-05-17,4.6,4.42
2024-05-20,4.62,4.44
2024-05-21,4.61,4.41
2024-05-22,4.64,4.43
2024-05-23,4.71,4.47
2024-05-24,4.71,4.46
2024-05-27,,
2024-05-28,4.75,4.54
2024-05-29,4.79,4.61
2024-05-30,4.74,4.55
2024-05-31,4.69,4.51
2024-06-03,4.62,4.41
2024-06-04,4.55,4.33
2024-06-05,4.5,4.29
2024-06-06,4.49,4.28
2024-06-07,4.65,4.43
2024-06-10,4.62,4.47
2024-06-11,4.57,4.39
2024-06-12,4.48,4.31
2024-06-13,4.42,4.24
2024-06-14,4.41,4.2
2024-06-17,4.5,4.28
2024-06-18,4.43,4.22
2024-06-19,,
2024-06-20,4.45,4.25
2024-06-21,4.45,4.25
2024-06-24,4.46,4.25
2024-06-25,4.45,4.23
2024-06-26,4.53,4.32
2024-06-27,4.49,4.29
2024-06-28,4.52,4.36
2024-07-01,4.58,4.48
2024-07-02,4.54,4.43
2024-07-03,4.48,4.36
2024-07-04,,
2024-07-05,4.39,4.28
2024-07-08,4.4,4.28
2024-07-09,4.37,4.3
2024-07-10,4.38,4.28
2024-07-11,4.26,4.2
2024-07-12,4.22,4.18
2024-07-15,4.23,4.23
2024-07-16,4.21,4.17
2024-07-17,4.19,4.16
2024-07-18,4.24,4.2
2024-07-19,4.28,4.25
2024-07-22,4.29,4.26
2024-07-23,4.26,4.25
2024-07-24,4.24,4.28
2024-07-25,4.26,4.27
2024-07-26,4.2,4.2
2024-07-29,4.19,4.17
2024-07-30,4.16,4.15
2024-07-31,4.1,4.09
2024-08-01,3.96,3.99
2024-08-02,3.7,3.8
2024-08-05,3.71,3.78
2024-08-06,3.76,3.9
2024-08-07,3.81,3.96
2024-08-08,3.86,3.99
2024-08-09,3.86,3.94
2024-08-12,3.82,3.9
2024-08-13,3.75,3.85
2024-08-14,3.76,3.83
2024-08-15,3.9,3.92
2024-08-16,3.87,3.89
2024-08-19,3.86,3.86
2024-08-20,3.8,3.82
2024-08-21,3.74,3.79
2024-08-22,3.82,3.86
2024-08-23,3.73,3.81
2024-08-26,3.74,3.82
2024-08-27,3.72,3.83
2024-08-28,3.72,3.84
2024-08-29,3.76,3.87
2024-08-30,3.79,3.91
2024-09-02,,
2024-09-03,3.73,3.84
2024-09-04,3.63,3.77
2024-09-05,3.61,3.73
2024-09-06,3.54,3.72
2024-09-09,3.54,3.7
2024-09-10,3.42,3.65
2024-09-11,3.45,3.65
2024-09-12,3.47,3.68
2024-09-13,3.42,3.66
2024-09-16,3.42,3.63
2024-09-17,3.45,3.65
2024-09-18,3.49,3.7
2024-09-19,3.47,3.73
2024-09-20,3.46,3.73
2024-09-23,3.47,3.75
2024-09-24,3.44,3.74
2024-09-25,3.49,3.79
2024-09-26,3.54,3.79
2024-09-27,3.49,3.75
2024-09-30,3.58,3.81
2024-10-01,3.52,3.74
2024-10-02,3.54,3.79
2024-10-03,3.62,3.85
2024-10-04,3.84,3.98
2024-10-07,3.89,4.03
2024-10-08,3.86,4.04
2024-10-09,3.89,4.06
2024-10-10,3.88,4.09
2024-10-11,3.85,4.08
2024-10-14,,
2024-10-15,3.86,4.03
2024-10-16,3.84,4.02
2024-10-17,3.89,4.09
2024-10-18,3.86,4.08
2024-10-21,3.95,4.19
2024-10-22,3.98,4.2
2024-10-23,4.03,4.24
2024-10-24,4.02,4.21
2024-10-25,4.05,4.25
2024-10-28,4.09,4.28
2024-10-29,4.08,4.28
2024-10-30,4.14,4.29
2024-10-31,4.12,4.28
2024-11-01,4.18,4.37
2024-11-04,4.1,4.31
2024-11-05,4.11,4.26
2024-11-06,4.2,4.42
2024-11-07,4.13,4.31
2024-11-08,4.18,4.3
2024-11-11,,
2024-11-12,4.29,4.43
2024-11-13,4.25,4.44
2024-11-14,4.3,4.43
2024-11-15,4.27,4.43
2024-11-18,4.25,4.42
2024-11-19,4.24,4.39
2024-11-20,4.26,4.41
2024-11-21,4.3,4.43
2024-11-22,4.32,4.41
2024-11-25,4.21,4.27
2024-11-26,4.21,4.3
2024-11-27,4.17,4.25
2024-11-28,,
2024-11-29,4.1,4.18
2024-12-02,4.11,4.19
2024-12-03,4.13,4.23
2024-12-04,4.09,4.19
2024-12-05,4.1,4.17
2024-12-06,4.05,4.15
2024-12-09,4.09,4.2
2024-12-10,4.08,4.22
2024-12-11,4.09,4.26
2024-12-12,4.14,4.32
2024-12-13,4.21,4.4
2024-12-16,4.22,4.39
2024-12-17,4.22,4.4
2024-12-18,4.35,4.5
2024-12-19,4.35,4.57
2024-12-20,4.32,4.52
2024-12-23,4.36,4.59
2024-12-24,4.36,4.59
2024-12-25,,
2024-12-26,4.35,4.58
2024-12-27,4.36,4.62
2024-12-30,4.29,4.55
2024-12-31,4.27,4.58
2025-01-01,,
2025-01-02,4.29,4.57
2025-01-03,4.32,4.6
2025-01-06,4.3,4.62
2025-01-07,4.33,4.67
2025-01-08,4.31,4.67
2025-01-09,4.31,4.68
2025-01-10,4.46,4.77
2025-01-13,4.49,4.79
2025-01-14,4.46,4.78
2025-01-15,4.34,4.66
2025-01-16,4.29,4.61
2025-01-17,4.33,4.61
2025-01-20,,
2025-01-21,4.33,4.57
2025-01-22,4.34,4.6
2025-01-23,4.35,4.65
2025-01-24,4.33,4.63
2025-01-27,4.24,4.53
2025-01-28,4.25,4.55
2025-01-29,4.27,4.55
2025-01-30,4.24,4.52
2025-01-31,4.27,4.58
2025-02-03,4.28,4.54
2025-02-04,4.25,4.52
2025-02-05,4.19,4.43
2025-02-06,4.23,4.45
2025-02-07,4.31,4.49
2025-02-10,4.3,4.51
2025-02-11,4.28,4.54
2025-02-12,4.37,4.62
2025-02-13,4.31,4.52
2025-02-14,4.26,4.47
2025-02-17,,
2025-02-18,4.33,4.55
2025-02-19,4.3,4.53
2025-02-20,4.27,4.5
2025-02-21,4.19,4.42
2025-02-24,4.17,4.4
2025-02-25,4.08,4.3
2025-02-26,4.04,4.25
2025-02-27,4.05,4.29
2025-02-28,3.99,4.24
2025-03-03,3.93,4.16
2025-03-04,3.94,4.22
2025-03-05,4.01,4.28
2025-03-06,3.98,4.29
2025-03-07,4.01,4.32
2025-03-10,3.91,4.22
2025-03-11,3.92,4.28
2025-03-12,3.98,4.32
2025-03-13,3.93,4.27
2025-03-14,4.0,4.31
2025-03-17,4.03,4.31
2025-03-18,4.01,4.29
2025-03-19,3.95,4.25
2025-03-20,3.93,4.24
2025-03-21,3.92,4.25
2025-03-24,4.01,4.34
2025-03-25,3.98,4.31
2025-03-26,4.01,4.35
2025-03-27,4.0,4.38
2025-03-28,3.91,4.27
2025-03-31,3.89,4.23
2025-04-01,3.85,4.17
2025-04-02,3.89,4.2
2025-04-03,3.68,4.06
2025-04-04,3.66,4.01
2025-04-07,3.72,4.15
2025-04-08,3.71,4.26
2025-04-09,3.91,4.34
2025-04-10,3.85,4.4
2025-04-11,3.98,4.48
2025-04-14,3.87,4.38
2025-04-15,3.85,4.35
2025-04-16,3.77,4.29
2025-04-17,3.82,4.34
2025-04-18,,
2025-04-21,3.77,4.42
2025-04-22,3.82,4.41
2025-04-23,3.87,4.4
2025-04-24,3.8,4.32
2025-04-25,3.76,4.29
2025-04-28,3.67,4.23
2025-04-29,3.65,4.19
2025-04-30,3.58,4.17
2025-05-01,3.69,4.25
2025-05-02,3.82,4.33
2025-05-05,3.78,4.36
2025-05-06,3.73,4.3
2025-05-07,3.72,4.26
2025-05-08,3.85,4.37
2025-05-09,3.85,4.37
2025-05-12,3.97,4.45
2025-05-13,4.0,4.49
2025-05-14,4.05,4.53
2025-05-15,3.95,4.45
2025-05-16,3.95,4.43
2025-05-19,3.95,4.46
2025-05-20,3.95,4.48
2025-05-21,4.0,4.58
2025-05-22,3.99,4.54
2025-05-23,3.96,4.51
2025-05-26,,
2025-05-27,3.93,4.43
2025-05-28,3.95,4.47
2025-05-29,3.91,4.43
2025-05-30,3.87,4.41
2025-06-02,3.91,4.46
2025-06-03,3.93,4.46
2025-06-04,3.84,4.37
2025-06-05,3.9,4.4
2025-06-06,4.02,4.51
2025-06-09,3.99,4.49
2025-06-10,3.95,4.47
2025-06-11,3.89,4.41
2025-06-12,3.85,4.36
2025-06-13,3.9,4.41
2025-06-16,3.93,4.46
2025-06-17,3.9,4.39
2025-06-18,3.89,4.38
2025-06-19,,
2025-06-20,3.86,4.38
2025-06-23,3.8,4.34
2025-06-24,3.75,4.3
2025-06-25,3.74,4.29
2025-06-26,3.68,4.26
2025-06-27,3.72,4.29
2025-06-30,3.68,4.24
2025-07-01,3.75,4.26
2025-07-02,3.77,4.3
2025-07-03,3.84,4.35
2025-07-04,,
2025-07-07,3.85,4.4
2025-07-08,3.86,4.42
2025-07-09,3.8,4.34
2025-07-10,3.82,4.35
2025-07-11,3.86,4.43
2025-07-14,3.86,4.43
2025-07-15,3.93,4.5
2025-07-16,3.86,4.46
2025-07-17,3.89,4.47
2025-07-18,3.84,4.44
2025-07-21,3.81,4.38
2025-07-22,3.77,4.35
2025-07-23,3.84,4.4
2025-07-24,3.87,4.43
2025-07-25,3.86,4.4
2025-07-28,3.87,4.42
2025-07-29,3.82,4.34
2025-07-30,3.89,4.38
2025-07-31,3.89,4.37
2025-08-01,3.67,4.23
2025-08-04,3.66,4.22
2025-08-05,3.63,4.22
2025-08-06,3.63,4.22
2025-08-07,3.66,4.23
2025-08-08,3.7,4.27
2025-08-11,3.71,4.27
2025-08-12,3.69,4.29
2025-08-13,3.64,4.24
2025-08-14,3.7,4.29
2025-08-15,3.73,4.33
2025-08-18,3.73,4.34
2025-08-19,3.7,4.3
2025-08-20,3.69,4.29
2025-08-21,3.75,4.33
2025-08-22,3.64,4.26
2025-08-25,3.68,4.28
2025-08-26,3.63,4.26
2025-08-27,3.59,4.24
2025-08-28,3.6,4.22
2025-08-29,3.58,4.23
2025-09-01,,
2025-09-02,3.63,4.28
2025-09-03,3.58,4.22
2025-09-04,3.55,4.17
2025-09-05,3.48,4.1
2025-09-08,3.47,4.05
2025-09-09,3.48,4.08
2025-09-10,3.47,4.04
2025-09-11,3.47,4.01
2025-09-12,3.52,4.06
2025-09-15,3.5,4.05
2025-09-16,3.47,4.04
2025-09-17,3.51,4.06
2025-09-18,3.55,4.11
2025-09-19,3.56,4.14
2025-09-22,3.59,4.15
2025-09-23,3.57,4.12
2025-09-24,3.6,4.16
2025-09-25,3.66,4.18
2025-09-26,3.66,4.2
2025-09-29,3.63,4.15
2025-09-30,3.61,4.16
2025-10-01,3.56,4.12
2025-10-02,3.56,4.1
2025-10-03,3.59,4.13
2025-10-06,3.63,4.18
2025-10-07,3.56,4.14
2025-10-08,3.58,4.13
2025-10-09,3.59,4.14
2025-10-10,3.52,4.05
2025-10-13,,
2025-10-14,3.47,4.03
2025-10-15,3.51,4.05
2025-10-16,3.42,3.99
2025-10-17,3.47,4.02
2025-10-20,3.47,4.0
2025-10-21,3.46,3.98
2025-10-22,3.44,3.97
2025-10-23,3.49,4.01
2025-10-24,3.49,4.02
2025-10-27,3.5,4.01
2025-10-28,3.5,3.99
2025-10-29,3.6,4.08
2025-10-30,3.61,4.11
2025-10-31,3.6,4.11
2025-11-03,3.61,4.13
2025-11-04,3.59,4.1
2025-11-05,3.65,4.17
2025-11-06,3.58,4.11
2025-11-07,3.57,4.11
2025-11-10,3.56,4.13
2025-11-11,,
2025-11-12,3.55,4.08
2025-11-13,3.57,4.11
2025-11-14,3.61,4.14
2025-11-17,3.6,4.13
2025-11-18,3.58,4.12
2025-11-19,3.59,4.13
2025-11-20,3.56,4.1
2025-11-21,3.5,4.06
2025-11-24,3.49,4.04
2025-11-25,3.46,4.01
2025-11-26,3.47,4.0
2025-11-27,,
2025-11-28,3.49,4.02
2025-12-01,3.55,4.09
2025-12-02,3.54,4.09
2025-12-03,3.5,4.06
2025-12-04,3.55,4.11
2025-12-05,3.59,4.14
2025-12-08,3.59,4.17
2025-12-09,3.62,4.18
2025-12-10,3.56,4.13
2025-12-11,3.55,4.14
2025-12-12,3.58,4.19
2025-12-15,3.56,4.18
2025-12-16,3.52,4.15
2025-12-17,3.53,4.16
2025-12-18,3.5,4.12
2025-12-19,3.53,4.16
2025-12-22,3.56,4.17
2025-12-23,3.58,4.18
2025-12-24,3.56,4.15
2025-12-25,,
2025-12-26,3.54,4.14
2025-12-29,3.51,4.12
2025-12-30,3.5,4.14
2025-12-31,3.55,4.18
2026-01-01,,
2026-01-02,3.55,4.19
2026-01-05,3.53,4.17
2026-01-06,3.54,4.18
2026-01-07,3.53,4.15
2026-01-08,3.56,4.19
2026-01-09,3.59,4.18
2026-01-12,3.59,4.19
2026-01-13,3.57,4.18
2026-01-14,3.56,4.15
2026-01-15,3.62,4.17
2026-01-16,3.67,4.24
2026-01-19,,
2026-01-20,3.68,4.3
2026-01-21,3.66,4.26
2026-01-22,3.68,4.26
2026-01-23,3.67,4.24
2026-01-26,3.66,4.22
2026-01-27,3.65,4.24
2026-01-28,3.66,4.26
2026-01-29,3.63,4.24
2026-01-30,3.6,4.26
2026-02-02,3.64,4.29
2026-02-03,3.64,4.28
2026-02-04,3.64,4.29
2026-02-05,3.55,4.21
2026-02-06,3.57,4.22
2026-02-09,3.56,4.22
2026-02-10,3.5,4.16
2026-02-11,3.55,4.18
2026-02-12,3.49,4.09
2026-02-13,3.43,4.04
2026-02-16,,
2026-02-17,3.47,4.05
2026-02-18,3.5,4.09
2026-02-19,3.5,4.08
2026-02-20,3.5,4.08
2026-02-23,3.45,4.03
2026-02-24,3.47,4.04
2026-02-25,3.49,4.05
2026-02-26,3.46,4.02
2026-02-27,3.39,3.97
2026-03-02,3.49,4.05
2026-03-03,3.5,4.06
2026-03-04,3.55,4.09
2026-03-05,3.59,4.13
2026-03-06,3.59,4.15
2026-03-09,3.58,4.12
2026-03-10,3.58,4.15
2026-03-11,3.64,4.21
2026-03-12,3.75,4.27
2026-03-13,3.74,4.28
2026-03-16,3.69,4.23
2026-03-17,3.68,4.2
2026-03-18,3.76,4.26
2026-03-19,3.79,4.25
2026-03-20,3.9,4.39
